week,sku_id,location_id,on_hand_qty,backorder_qty,reserved_qty,shipped_qty,late_ship_qty,freight_cost,demand_qty,throughput_qty,product_category,fabric_type,color,size_run,std_sam_minutes_sew,pack_units_per_carton
2025-01-06,SKU0002,DC_DN,175,0,2,0,0,0,0,0,Tee,Nylon_Taffeta,Red,extended,11.75,24
2025-01-06,SKU0002,DC_HN,186,0,11,0,0,0,0,0,Tee,Nylon_Taffeta,Red,extended,11.75,24
2025-01-06,SKU0002,WH_SOUTH,333,0,17,0,0,0,0,0,Tee,Nylon_Taffeta,Red,extended,11.75,24
2025-01-06,SKU0004,DC_DN,135,0,1,0,0,0,0,0,Tee,Ripstop,White,extended,14.15,36
2025-01-06,SKU0004,DC_HCMC,336,0,12,0,0,0,0,0,Tee,Ripstop,White,extended,14.15,36
2025-01-06,SKU0004,DC_HN,263,0,13,0,0,0,0,0,Tee,Ripstop,White,extended,14.15,36
2025-01-06,SKU0006,DC_CT,470,0,16,0,0,0,105,261,Jacket,French_Terry,White,core,25.25,36
2025-01-06,SKU0007,DC_CT,105,0,1,0,0,0,0,225,Dress,Cotton_Jersey,Navy,extended,18.67,24
2025-01-06,SKU0013,DC_HCMC,200,0,7,0,0,0,0,190,Polo,Cotton_Jersey,White,core,17.4,24
2025-01-06,SKU0013,WH_NORTH,464,0,16,0,0,0,0,190,Polo,Cotton_Jersey,White,core,17.4,24
2025-01-06,SKU0014,DC_CT,472,0,22,0,0,0,80,141,Dress,Cotton_Jersey,Olive,core,22.79,24
2025-01-06,SKU0021,WH_NORTH,522,0,24,0,0,0,0,0,Legging,Fleece,Olive,extended,19.03,24
2025-01-06,SKU0021,WH_SOUTH,524,0,25,0,0,0,0,0,Legging,Fleece,Olive,extended,19.03,24
2025-01-06,SKU0024,DC_DN,206,0,9,0,0,0,0,0,Tee,Fleece,Black,core,6.06,36
2025-01-06,SKU0024,WH_SOUTH,491,0,23,0,0,0,0,0,Tee,Fleece,Black,core,6.06,36
2025-01-06,SKU0026,WH_SOUTH,353,0,13,0,0,0,0,0,Jacket,Poly_Spandex,Red,core,26.19,24
2025-01-06,SKU0029,DC_CT,279,0,10,0,0,0,0,0,Tee,French_Terry,Olive,core,6,24
2025-01-13,SKU0004,DC_HN,215,0,11,0,0,0,0,209,Tee,Ripstop,White,extended,14.15,36
2025-01-13,SKU0005,DC_DN,81,0,3,32,32,7.31,36,175,Legging,Nylon_Taffeta,Navy,core,25.08,12
2025-01-13,SKU0007,DC_HN,354,0,17,0,0,0,0,0,Dress,Cotton_Jersey,Navy,extended,18.67,24
2025-01-13,SKU0009,DC_DN,69,0,1,0,0,0,0,416,Polo,Fleece,Sand,extended,14.71,24
2025-01-13,SKU0009,WH_SOUTH,140,0,4,0,0,0,0,416,Polo,Fleece,Sand,extended,14.71,24
2025-01-13,SKU0013,DC_CT,248,0,10,0,0,0,247,0,Polo,Cotton_Jersey,White,core,17.4,24
2025-01-13,SKU0015,DC_HN,223,0,7,0,0,0,0,238,Polo,French_Terry,White,core,20.18,24
2025-01-13,SKU0020,DC_CT,75,0,2,0,0,0,90,98,Hoodie,Cotton_Jersey,Black,core,20.3,12
2025-01-13,SKU0020,WH_NORTH,62,0,4,0,0,0,90,98,Hoodie,Cotton_Jersey,Black,core,20.3,12
2025-01-13,SKU0022,WH_SOUTH,280,0,11,0,0,0,0,77,Dress,Ripstop,Grey,core,22.11,24
2025-01-13,SKU0024,DC_DN,171,0,9,0,0,0,0,112,Tee,Fleece,Black,core,6.06,36
2025-01-13,SKU0026,DC_HN,387,0,17,0,0,0,0,0,Jacket,Poly_Spandex,Red,core,26.19,24
2025-01-20,SKU0002,WH_NORTH,215,0,11,0,0,0,0,147,Tee,Nylon_Taffeta,Red,extended,11.75,24
2025-01-20,SKU0005,DC_DN,87,0,6,61,0,11.76,130,0,Legging,Nylon_Taffeta,Navy,core,25.08,12
2025-01-20,SKU0006,DC_HCMC,244,0,14,0,0,0,350,0,Jacket,French_Terry,White,core,25.25,36
2025-01-20,SKU0006,WH_NORTH,491,0,22,0,0,0,350,0,Jacket,French_Terry,White,core,25.25,36
2025-01-20,SKU0007,DC_HN,293,0,17,74,0,9.79,455,303,Dress,Cotton_Jersey,Navy,extended,18.67,24
2025-01-20,SKU0009,WH_SOUTH,140,0,6,0,0,0,374,133,Polo,Fleece,Sand,extended,14.71,24
2025-01-20,SKU0013,WH_NORTH,665,0,35,0,0,0,0,425,Polo,Cotton_Jersey,White,core,17.4,24
2025-01-20,SKU0017,DC_HCMC,298,0,8,153,0,17.34,155,0,Jacket,Cotton_Jersey,Grey,core,19.88,24
2025-01-20,SKU0017,DC_HN,235,0,6,0,0,0,155,0,Jacket,Cotton_Jersey,Grey,core,19.88,24
2025-01-20,SKU0018,WH_NORTH,870,0,28,0,0,0,185,188,Tee,Poly_Spandex,Black,extended,7.01,24
2025-01-20,SKU0018,WH_SOUTH,200,0,7,0,0,0,185,188,Tee,Poly_Spandex,Black,extended,7.01,24
2025-01-20,SKU0021,DC_HCMC,275,0,12,0,0,0,39,0,Legging,Fleece,Olive,extended,19.03,24
2025-01-20,SKU0022,DC_CT,199,0,8,0,0,0,0,59,Dress,Ripstop,Grey,core,22.11,24
2025-01-20,SKU0022,DC_DN,219,0,11,0,0,0,0,59,Dress,Ripstop,Grey,core,22.11,24
2025-01-20,SKU0022,DC_HCMC,110,0,9,0,0,0,0,59,Dress,Ripstop,Grey,core,22.11,24
2025-01-20,SKU0029,DC_CT,184,0,7,0,0,0,0,0,Tee,French_Terry,Olive,core,6,24
2025-01-27,SKU0005,DC_HN,232,0,7,0,0,0,85,282,Legging,Nylon_Taffeta,Navy,core,25.08,12
2025-01-27,SKU0006,DC_HN,510,0,10,0,0,0,0,125,Jacket,French_Terry,White,core,25.25,36
2025-01-27,SKU0014,DC_HCMC,253,0,9,0,0,0,38,36,Dress,Cotton_Jersey,Olive,core,22.79,24
2025-01-27,SKU0017,DC_CT,233,0,8,0,0,0,0,0,Jacket,Cotton_Jersey,Grey,core,19.88,24
2025-01-27,SKU0017,WH_SOUTH,530,0,16,0,0,0,0,0,Jacket,Cotton_Jersey,Grey,core,19.88,24
2025-01-27,SKU0021,DC_HCMC,228,0,9,0,0,0,0,131,Legging,Fleece,Olive,extended,19.03,24
2025-01-27,SKU0024,WH_SOUTH,491,0,14,0,0,0,102,95,Tee,Fleece,Black,core,6.06,36
2025-01-27,SKU0025,DC_HCMC,255,0,5,0,0,0,93,206,Short,Poly_Spandex,Navy,core,25.18,36
2025-01-27,SKU0026,DC_CT,132,0,4,0,0,0,0,113,Jacket,Poly_Spandex,Red,core,26.19,24
2025-01-27,SKU0026,DC_DN,286,0,19,0,0,0,0,113,Jacket,Poly_Spandex,Red,core,26.19,24
2025-01-27,SKU0029,WH_NORTH,255,0,7,0,0,0,0,0,Tee,French_Terry,Olive,core,6,24
2025-02-03,SKU0002,DC_CT,56,0,3,0,0,0,214,0,Tee,Nylon_Taffeta,Red,extended,11.75,24
2025-02-03,SKU0002,WH_NORTH,307,0,9,0,0,0,214,0,Tee,Nylon_Taffeta,Red,extended,11.75,24
2025-02-03,SKU0004,WH_SOUTH,0,39,0,0,0,0,159,316,Tee,Ripstop,White,extended,14.15,36
2025-02-03,SKU0005,WH_NORTH,0,220,0,0,0,0,264,65,Legging,Nylon_Taffeta,Navy,core,25.08,12
2025-02-03,SKU0006,DC_CT,195,0,6,0,0,0,57,50,Jacket,French_Terry,White,core,25.25,36
2025-02-03,SKU0007,WH_SOUTH,0,265,0,0,0,0,44,57,Dress,Cotton_Jersey,Navy,extended,18.67,24
2025-02-03,SKU0009,DC_HCMC,219,0,9,0,0,0,0,170,Polo,Fleece,Sand,extended,14.71,24
2025-02-03,SKU0009,WH_SOUTH,0,185,0,0,0,0,0,170,Polo,Fleece,Sand,extended,14.71,24
2025-02-03,SKU0013,DC_HCMC,103,0,6,0,0,0,182,669,Polo,Cotton_Jersey,White,core,17.4,24
2025-02-03,SKU0013,WH_NORTH,1611,0,64,0,0,0,182,669,Polo,Cotton_Jersey,White,core,17.4,24
2025-02-03,SKU0015,WH_SOUTH,291,0,19,0,0,0,0,0,Polo,French_Terry,White,core,20.18,24
2025-02-03,SKU0020,DC_HCMC,323,0,16,118,0,13.13,206,0,Hoodie,Cotton_Jersey,Black,core,20.3,12
2025-02-03,SKU0020,DC_HN,95,0,1,70,0,9.67,206,0,Hoodie,Cotton_Jersey,Black,core,20.3,12
2025-02-03,SKU0020,WH_NORTH,0,8,0,0,0,0,206,0,Hoodie,Cotton_Jersey,Black,core,20.3,12
2025-02-03,SKU0021,WH_NORTH,482,0,23,0,0,0,0,0,Legging,Fleece,Olive,extended,19.03,24
2025-02-03,SKU0021,WH_SOUTH,697,0,36,0,0,0,0,0,Legging,Fleece,Olive,extended,19.03,24
2025-02-03,SKU0022,DC_HN,103,0,4,0,0,0,0,128,Dress,Ripstop,Grey,core,22.11,24
2025-02-03,SKU0026,DC_CT,107,0,1,0,0,0,0,305,Jacket,Poly_Spandex,Red,core,26.19,24
2025-02-03,SKU0026,DC_HN,218,0,8,0,0,0,0,305,Jacket,Poly_Spandex,Red,core,26.19,24
2025-02-03,SKU0026,WH_NORTH,584,0,24,0,0,0,0,305,Jacket,Poly_Spandex,Red,core,26.19,24
2025-02-03,SKU0029,DC_DN,60,0,2,0,0,0,0,0,Tee,French_Terry,Olive,core,6,24
2025-02-10,SKU0004,DC_HN,198,0,10,122,0,15.05,255,72,Tee,Ripstop,White,extended,14.15,36
2025-02-10,SKU0004,WH_SOUTH,0,190,0,0,0,0,255,72,Tee,Ripstop,White,extended,14.15,36
2025-02-10,SKU0006,DC_HCMC,146,0,10,0,0,0,54,0,Jacket,French_Terry,White,core,25.25,36
2025-02-10,SKU0007,DC_CT,43,0,0,0,0,0,0,94,Dress,Cotton_Jersey,Navy,extended,18.67,24
2025-02-10,SKU0007,DC_DN,176,0,5,0,0,0,0,94,Dress,Cotton_Jersey,Navy,extended,18.67,24
2025-02-10,SKU0007,WH_SOUTH,0,265,0,0,0,0,0,94,Dress,Cotton_Jersey,Navy,extended,18.67,24
2025-02-10,SKU0009,WH_SOUTH,0,370,0,0,0,0,0,861,Polo,Fleece,Sand,extended,14.71,24
2025-02-10,SKU0014,DC_HCMC,166,0,7,0,0,0,0,42,Dress,Cotton_Jersey,Olive,core,22.79,24
2025-02-10,SKU0017,DC_DN,144,0,7,0,0,0,0,81,Jacket,Cotton_Jersey,Grey,core,19.88,24
2025-02-10,SKU0017,WH_SOUTH,741,0,29,0,0,0,0,81,Jacket,Cotton_Jersey,Grey,core,19.88,24
2025-02-10,SKU0018,WH_SOUTH,0,86,0,0,0,0,80,121,Tee,Poly_Spandex,Black,extended,7.01,24
2025-02-10,SKU0020,WH_NORTH,0,166,0,0,0,0,81,0,Hoodie,Cotton_Jersey,Black,core,20.3,12
2025-02-10,SKU0024,DC_DN,72,0,3,68,0,14.49,84,0,Tee,Fleece,Black,core,6.06,36
2025-02-10,SKU0026,DC_HN,176,0,7,0,0,0,107,0,Jacket,Poly_Spandex,Red,core,26.19,24
2025-02-10,SKU0026,WH_SOUTH,771,0,38,0,0,0,107,0,Jacket,Poly_Spandex,Red,core,26.19,24
2025-02-10,SKU0029,DC_HN,160,0,4,0,0,0,0,136,Tee,French_Terry,Olive,core,6,24
2025-02-17,SKU0002,DC_DN,50,0,2,0,0,0,0,0,Tee,Nylon_Taffeta,Red,extended,11.75,24
2025-02-17,SKU0002,WH_NORTH,133,0,5,0,0,0,0,0,Tee,Nylon_Taffeta,Red,extended,11.75,24
2025-02-17,SKU0005,DC_HN,191,0,9,0,0,0,0,321,Legging,Nylon_Taffeta,Navy,core,25.08,12
2025-02-17,SKU0006,DC_CT,124,0,3,0,0,0,48,0,Jacket,French_Terry,White,core,25.25,36
2025-02-17,SKU0007,WH_SOUTH,0,530,0,0,0,0,52,0,Dress,Cotton_Jersey,Navy,extended,18.67,24
2025-02-17,SKU0009,DC_CT,212,0,7,0,0,0,239,245,Polo,Fleece,Sand,extended,14.71,24
2025-02-17,SKU0009,DC_DN,90,0,3,0,0,0,239,245,Polo,Fleece,Sand,extended,14.71,24
2025-02-17,SKU0009,DC_HN,83,0,2,204,0,23.44,239,245,Polo,Fleece,Sand,extended,14.71,24
2025-02-17,SKU0009,WH_NORTH,1850,0,60,0,0,0,239,245,Polo,Fleece,Sand,extended,14.71,24
2025-02-17,SKU0013,DC_DN,432,0,17,0,0,0,406,0,Polo,Cotton_Jersey,White,core,17.4,24
2025-02-17,SKU0015,DC_HN,136,0,1,248,0,35.05,278,0,Polo,French_Terry,White,core,20.18,24
2025-02-17,SKU0015,WH_SOUTH,291,0,12,0,0,0,278,0,Polo,French_Terry,White,core,20.18,24
2025-02-17,SKU0017,WH_NORTH,0,21,0,0,0,0,258,122,Jacket,Cotton_Jersey,Grey,core,19.88,24
2025-02-17,SKU0017,WH_SOUTH,863,0,43,0,0,0,258,122,Jacket,Cotton_Jersey,Grey,core,19.88,24
2025-02-17,SKU0018,WH_SOUTH,0,162,0,0,0,0,116,354,Tee,Poly_Spandex,Black,extended,7.01,24
2025-02-17,SKU0020,WH_NORTH,0,83,0,0,0,0,36,0,Hoodie,Cotton_Jersey,Black,core,20.3,12
2025-02-17,SKU0020,WH_SOUTH,441,0,21,0,0,0,36,0,Hoodie,Cotton_Jersey,Black,core,20.3,12
2025-02-17,SKU0029,DC_HCMC,92,0,2,122,122,13.71,122,0,Tee,French_Terry,Olive,core,6,24
2025-02-24,SKU0004,WH_SOUTH,0,834,0,0,0,0,46,0,Tee,Ripstop,White,extended,14.15,36
2025-02-24,SKU0005,WH_NORTH,0,167,0,0,0,0,93,38,Legging,Nylon_Taffeta,Navy,core,25.08,12
2025-02-24,SKU0007,DC_HN,126,0,6,0,0,0,84,0,Dress,Cotton_Jersey,Navy,extended,18.67,24
2025-02-24,SKU0007,WH_SOUTH,0,346,0,0,0,0,84,0,Dress,Cotton_Jersey,Navy,extended,18.67,24
2025-02-24,SKU0015,DC_HN,310,0,15,0,0,0,149,117,Polo,French_Terry,White,core,20.18,24
2025-02-24,SKU0015,WH_SOUTH,145,0,7,0,0,0,149,117,Polo,French_Terry,White,core,20.18,24
2025-02-24,SKU0017,DC_HCMC,297,0,7,0,0,0,58,0,Jacket,Cotton_Jersey,Grey,core,19.88,24
2025-02-24,SKU0017,WH_NORTH,0,21,0,0,0,0,58,0,Jacket,Cotton_Jersey,Grey,core,19.88,24
2025-02-24,SKU0017,WH_SOUTH,731,0,19,0,0,0,58,0,Jacket,Cotton_Jersey,Grey,core,19.88,24
2025-02-24,SKU0018,DC_CT,153,0,2,207,0,30.96,244,49,Tee,Poly_Spandex,Black,extended,7.01,24
2025-02-24,SKU0018,WH_SOUTH,0,670,0,0,0,0,244,49,Tee,Poly_Spandex,Black,extended,7.01,24
2025-02-24,SKU0020,WH_NORTH,0,83,0,0,0,0,0,352,Hoodie,Cotton_Jersey,Black,core,20.3,12
2025-02-24,SKU0024,DC_DN,94,0,7,0,0,0,168,0,Tee,Fleece,Black,core,6.06,36
2025-02-24,SKU0029,DC_CT,78,0,9,0,0,0,0,0,Tee,French_Terry,Olive,core,6,24
2025-02-24,SKU0029,WH_NORTH,391,0,21,0,0,0,0,0,Tee,French_Terry,Olive,core,6,24
2025-03-03,SKU0004,WH_SOUTH,0,834,0,0,0,0,0,0,Tee,Ripstop,White,extended,14.15,36
2025-03-03,SKU0006,DC_DN,82,0,4,0,0,0,0,186,Jacket,French_Terry,White,core,25.25,36
2025-03-03,SKU0006,DC_HCMC,187,0,6,0,0,0,0,186,Jacket,French_Terry,White,core,25.25,36
2025-03-03,SKU0007,WH_SOUTH,0,346,0,0,0,0,0,211,Dress,Cotton_Jersey,Navy,extended,18.67,24
2025-03-03,SKU0009,WH_NORTH,1594,0,71,0,0,0,557,183,Polo,Fleece,Sand,extended,14.71,24
2025-03-03,SKU0009,WH_SOUTH,0,555,0,0,0,0,557,183,Polo,Fleece,Sand,extended,14.71,24
2025-03-03,SKU0013,DC_DN,366,0,12,0,0,0,210,220,Polo,Cotton_Jersey,White,core,17.4,24
2025-03-03,SKU0014,WH_NORTH,844,0,44,0,0,0,121,33,Dress,Cotton_Jersey,Olive,core,22.79,24
2025-03-03,SKU0017,WH_NORTH,0,21,0,0,0,0,0,0,Jacket,Cotton_Jersey,Grey,core,19.88,24
2025-03-03,SKU0018,DC_HN,118,0,4,0,0,0,45,64,Tee,Poly_Spandex,Black,extended,7.01,24
2025-03-03,SKU0018,WH_SOUTH,0,369,0,0,0,0,45,64,Tee,Poly_Spandex,Black,extended,7.01,24
2025-03-03,SKU0021,DC_HN,25,0,0,0,0,0,54,312,Legging,Fleece,Olive,extended,19.03,24
2025-03-03,SKU0024,WH_SOUTH,249,0,5,0,0,0,0,134,Tee,Fleece,Black,core,6.06,36
2025-03-03,SKU0025,WH_NORTH,1418,0,62,0,0,0,0,131,Short,Poly_Spandex,Navy,core,25.18,36
2025-03-03,SKU0025,WH_SOUTH,0,274,0,0,0,0,0,131,Short,Poly_Spandex,Navy,core,25.18,36
2025-03-03,SKU0026,DC_HCMC,162,0,2,0,0,0,53,103,Jacket,Poly_Spandex,Red,core,26.19,24
2025-03-03,SKU0026,WH_NORTH,443,0,13,0,0,0,53,103,Jacket,Poly_Spandex,Red,core,26.19,24
2025-03-10,SKU0004,DC_CT,294,0,12,89,0,12.45,94,0,Tee,Ripstop,White,extended,14.15,36
2025-03-10,SKU0004,WH_NORTH,1195,0,47,0,0,0,94,0,Tee,Ripstop,White,extended,14.15,36
2025-03-10,SKU0006,WH_NORTH,0,158,0,0,0,0,173,0,Jacket,French_Terry,White,core,25.25,36
2025-03-10,SKU0009,WH_SOUTH,0,185,0,0,0,0,121,166,Polo,Fleece,Sand,extended,14.71,24
2025-03-10,SKU0017,WH_NORTH,0,42,0,0,0,0,0,0,Jacket,Cotton_Jersey,Grey,core,19.88,24
2025-03-10,SKU0018,DC_HN,96,0,1,0,0,0,0,0,Tee,Poly_Spandex,Black,extended,7.01,24
2025-03-10,SKU0020,WH_NORTH,0,83,0,0,0,0,157,69,Hoodie,Cotton_Jersey,Black,core,20.3,12
2025-03-10,SKU0022,DC_HN,122,0,7,0,0,0,68,28,Dress,Ripstop,Grey,core,22.11,24
2025-03-10,SKU0025,WH_NORTH,1625,0,66,0,0,0,118,207,Short,Poly_Spandex,Navy,core,25.18,36
2025-03-17,SKU0002,DC_CT,0,12,0,0,0,0,0,239,Tee,Nylon_Taffeta,Red,extended,11.75,24
2025-03-17,SKU0002,DC_HN,81,0,4,0,0,0,0,239,Tee,Nylon_Taffeta,Red,extended,11.75,24
2025-03-17,SKU0004,WH_NORTH,1486,0,61,0,0,0,0,291,Tee,Ripstop,White,extended,14.15,36
2025-03-17,SKU0005,DC_DN,106,0,3,0,0,0,36,202,Legging,Nylon_Taffeta,Navy,core,25.08,12
2025-03-17,SKU0005,WH_SOUTH,1283,0,43,0,0,0,36,202,Legging,Nylon_Taffeta,Navy,core,25.08,12
2025-03-17,SKU0006,WH_NORTH,0,79,0,0,0,0,0,58,Jacket,French_Terry,White,core,25.25,36
2025-03-17,SKU0006,WH_SOUTH,1013,0,33,0,0,0,0,58,Jacket,French_Terry,White,core,25.25,36
2025-03-17,SKU0007,WH_SOUTH,0,400,0,0,0,0,58,97,Dress,Cotton_Jersey,Navy,extended,18.67,24
2025-03-17,SKU0009,WH_NORTH,1432,0,61,0,0,0,91,319,Polo,Fleece,Sand,extended,14.71,24
2025-03-17,SKU0009,WH_SOUTH,0,370,0,0,0,0,91,319,Polo,Fleece,Sand,extended,14.71,24
2025-03-17,SKU0013,DC_HCMC,226,0,6,121,0,13.81,346,330,Polo,Cotton_Jersey,White,core,17.4,24
2025-03-17,SKU0013,DC_HN,448,0,18,200,0,23.86,346,330,Polo,Cotton_Jersey,White,core,17.4,24
2025-03-17,SKU0013,WH_SOUTH,0,242,0,0,0,0,346,330,Polo,Cotton_Jersey,White,core,17.4,24
2025-03-17,SKU0017,WH_NORTH,0,21,0,0,0,0,0,0,Jacket,Cotton_Jersey,Grey,core,19.88,24
2025-03-17,SKU0018,DC_HCMC,106,0,4,0,0,0,136,445,Tee,Poly_Spandex,Black,extended,7.01,24
2025-03-17,SKU0020,WH_NORTH,0,244,0,0,0,0,91,193,Hoodie,Cotton_Jersey,Black,core,20.3,12
2025-03-17,SKU0024,DC_CT,0,12,0,0,0,0,145,0,Tee,Fleece,Black,core,6.06,36
2025-03-17,SKU0024,DC_HN,148,0,8,0,0,0,145,0,Tee,Fleece,Black,core,6.06,36
2025-03-17,SKU0025,DC_CT,382,0,17,0,0,0,189,0,Short,Poly_Spandex,Navy,core,25.18,36
2025-03-17,SKU0026,DC_CT,24,0,2,89,0,12.97,264,113,Jacket,Poly_Spandex,Red,core,26.19,24
2025-03-17,SKU0029,DC_CT,38,0,4,0,0,0,0,331,Tee,French_Terry,Olive,core,6,24
2025-03-17,SKU0029,WH_SOUTH,37,0,3,0,0,0,0,331,Tee,French_Terry,Olive,core,6,24
2025-03-24,SKU0002,DC_CT,0,19,0,0,0,0,0,508,Tee,Nylon_Taffeta,Red,extended,11.75,24
2025-03-24,SKU0002,DC_HN,62,0,3,0,0,0,0,508,Tee,Nylon_Taffeta,Red,extended,11.75,24
2025-03-24,SKU0004,DC_DN,8,0,0,0,0,0,168,109,Tee,Ripstop,White,extended,14.15,36
2025-03-24,SKU0004,DC_HCMC,97,0,4,0,0,0,168,109,Tee,Ripstop,White,extended,14.15,36
2025-03-24,SKU0004,WH_SOUTH,0,506,0,0,0,0,168,109,Tee,Ripstop,White,extended,14.15,36
2025-03-24,SKU0005,WH_SOUTH,1283,0,60,0,0,0,0,0,Legging,Nylon_Taffeta,Navy,core,25.08,12
2025-03-24,SKU0007,WH_SOUTH,0,483,0,0,0,0,173,172,Dress,Cotton_Jersey,Navy,extended,18.67,24
2025-03-24,SKU0015,WH_SOUTH,0,282,0,0,0,0,0,0,Polo,French_Terry,White,core,20.18,24
2025-03-24,SKU0017,DC_HN,81,0,7,0,0,0,0,0,Jacket,Cotton_Jersey,Grey,core,19.88,24
2025-03-24,SKU0020,WH_SOUTH,925,0,29,0,0,0,143,29,Hoodie,Cotton_Jersey,Black,core,20.3,12
2025-03-24,SKU0022,WH_SOUTH,51,0,1,0,0,0,21,134,Dress,Ripstop,Grey,core,22.11,24
2025-03-24,SKU0024,DC_CT,0,26,0,0,0,0,125,0,Tee,Fleece,Black,core,6.06,36
2025-03-24,SKU0025,DC_CT,313,0,9,0,0,0,0,284,Short,Poly_Spandex,Navy,core,25.18,36
2025-03-24,SKU0025,DC_DN,41,0,3,0,0,0,0,284,Short,Poly_Spandex,Navy,core,25.18,36
2025-03-24,SKU0025,WH_SOUTH,0,772,0,0,0,0,0,284,Short,Poly_Spandex,Navy,core,25.18,36
2025-03-24,SKU0026,DC_HN,101,0,1,0,0,0,0,51,Jacket,Poly_Spandex,Red,core,26.19,24
2025-03-24,SKU0029,WH_SOUTH,0,137,0,0,0,0,504,0,Tee,French_Terry,Olive,core,6,24
2025-03-31,SKU0002,DC_CT,0,22,0,350,350,54.85,695,0,Tee,Nylon_Taffeta,Red,extended,11.75,24
2025-03-31,SKU0004,WH_NORTH,1658,0,72,0,0,0,0,204,Tee,Ripstop,White,extended,14.15,36
2025-03-31,SKU0004,WH_SOUTH,0,506,0,0,0,0,0,204,Tee,Ripstop,White,extended,14.15,36
2025-03-31,SKU0005,DC_CT,7,0,0,69,69,9.44,185,0,Legging,Nylon_Taffeta,Navy,core,25.08,12
2025-03-31,SKU0005,WH_NORTH,0,167,0,0,0,0,185,0,Legging,Nylon_Taffeta,Navy,core,25.08,12
2025-03-31,SKU0006,DC_HCMC,85,0,0,0,0,0,53,141,Jacket,French_Terry,White,core,25.25,36
2025-03-31,SKU0006,WH_NORTH,0,123,0,0,0,0,53,141,Jacket,French_Terry,White,core,25.25,36
2025-03-31,SKU0013,DC_CT,29,0,0,0,0,0,408,0,Polo,Cotton_Jersey,White,core,17.4,24
2025-03-31,SKU0014,DC_HN,34,0,1,0,0,0,0,174,Dress,Cotton_Jersey,Olive,core,22.79,24
2025-03-31,SKU0015,WH_SOUTH,0,846,0,0,0,0,0,144,Polo,French_Terry,White,core,20.18,24
2025-03-31,SKU0017,DC_DN,39,0,0,0,0,0,0,0,Jacket,Cotton_Jersey,Grey,core,19.88,24
2025-03-31,SKU0018,WH_SOUTH,0,587,0,0,0,0,603,519,Tee,Poly_Spandex,Black,extended,7.01,24
2025-03-31,SKU0020,WH_NORTH,0,209,0,0,0,0,97,0,Hoodie,Cotton_Jersey,Black,core,20.3,12
2025-03-31,SKU0021,WH_NORTH,52,98,1,0,0,0,110,146,Legging,Fleece,Olive,extended,19.03,24
2025-03-31,SKU0024,DC_CT,0,62,0,0,0,0,0,0,Tee,Fleece,Black,core,6.06,36
2025-03-31,SKU0025,WH_SOUTH,0,386,0,0,0,0,0,0,Short,Poly_Spandex,Navy,core,25.18,36
2025-03-31,SKU0026,DC_HN,79,0,7,0,0,0,100,133,Jacket,Poly_Spandex,Red,core,26.19,24
2025-04-07,SKU0002,WH_SOUTH,0,351,0,0,0,0,0,0,Tee,Nylon_Taffeta,Red,extended,11.75,24
2025-04-07,SKU0004,DC_CT,174,0,10,0,0,0,0,223,Tee,Ripstop,White,extended,14.15,36
2025-04-07,SKU0004,DC_DN,0,12,0,0,0,0,0,223,Tee,Ripstop,White,extended,14.15,36
2025-04-07,SKU0004,WH_SOUTH,0,506,0,0,0,0,0,223,Tee,Ripstop,White,extended,14.15,36
2025-04-07,SKU0005,DC_CT,65,0,0,0,0,0,0,57,Legging,Nylon_Taffeta,Navy,core,25.08,12
2025-04-07,SKU0005,WH_SOUTH,1271,0,42,0,0,0,0,57,Legging,Nylon_Taffeta,Navy,core,25.08,12
2025-04-07,SKU0006,WH_NORTH,0,123,0,0,0,0,0,50,Jacket,French_Terry,White,core,25.25,36
2025-04-07,SKU0007,WH_SOUTH,0,519,0,0,0,0,163,55,Dress,Cotton_Jersey,Navy,extended,18.67,24
2025-04-07,SKU0013,WH_SOUTH,0,152,0,0,0,0,0,160,Polo,Cotton_Jersey,White,core,17.4,24
2025-04-07,SKU0014,DC_HCMC,55,0,2,0,0,0,68,248,Dress,Cotton_Jersey,Olive,core,22.79,24
2025-04-07,SKU0014,WH_SOUTH,0,2,0,0,0,0,68,248,Dress,Cotton_Jersey,Olive,core,22.79,24
2025-04-07,SKU0015,DC_CT,82,0,3,134,0,20.5,137,0,Polo,French_Terry,White,core,20.18,24
2025-04-07,SKU0015,WH_NORTH,1640,0,61,0,0,0,137,0,Polo,French_Terry,White,core,20.18,24
2025-04-07,SKU0018,WH_SOUTH,0,587,0,0,0,0,52,0,Tee,Poly_Spandex,Black,extended,7.01,24
2025-04-07,SKU0024,DC_CT,0,39,0,0,0,0,0,169,Tee,Fleece,Black,core,6.06,36
2025-04-07,SKU0025,WH_SOUTH,0,386,0,0,0,0,262,434,Short,Poly_Spandex,Navy,core,25.18,36
2025-04-07,SKU0026,DC_DN,37,0,1,113,0,25.39,290,207,Jacket,Poly_Spandex,Red,core,26.19,24
2025-04-07,SKU0029,DC_HN,28,0,2,0,0,0,0,257,Tee,French_Terry,Olive,core,6,24
2025-04-07,SKU0029,WH_SOUTH,0,137,0,0,0,0,0,257,Tee,French_Terry,Olive,core,6,24
2025-04-14,SKU0002,DC_HN,88,0,5,0,0,0,0,215,Tee,Nylon_Taffeta,Red,extended,11.75,24
2025-04-14,SKU0002,WH_NORTH,1273,0,52,0,0,0,0,215,Tee,Nylon_Taffeta,Red,extended,11.75,24
2025-04-14,SKU0004,WH_NORTH,2315,0,103,0,0,0,501,434,Tee,Ripstop,White,extended,14.15,36
2025-04-14,SKU0005,DC_HCMC,150,0,7,0,0,0,105,109,Legging,Nylon_Taffeta,Navy,core,25.08,12
2025-04-14,SKU0006,WH_NORTH,0,246,0,0,0,0,100,210,Jacket,French_Terry,White,core,25.25,36
2025-04-14,SKU0009,WH_SOUTH,0,478,0,0,0,0,0,471,Polo,Fleece,Sand,extended,14.71,24
2025-04-14,SKU0013,DC_CT,10,0,0,0,0,0,61,902,Polo,Cotton_Jersey,White,core,17.4,24
2025-04-14,SKU0014,DC_DN,160,0,9,0,0,0,92,215,Dress,Cotton_Jersey,Olive,core,22.79,24
2025-04-14,SKU0018,WH_NORTH,2418,0,89,0,0,0,318,278,Tee,Poly_Spandex,Black,extended,7.01,24
2025-04-14,SKU0018,WH_SOUTH,0,934,0,0,0,0,318,278,Tee,Poly_Spandex,Black,extended,7.01,24
2025-04-14,SKU0020,WH_NORTH,0,209,0,0,0,0,26,546,Hoodie,Cotton_Jersey,Black,core,20.3,12
2025-04-14,SKU0022,DC_HN,54,0,2,547,547,64.53999999999999,566,79,Dress,Ripstop,Grey,core,22.11,24
2025-04-14,SKU0024,DC_HCMC,127,0,9,0,0,0,0,0,Tee,Fleece,Black,core,6.06,36
2025-04-14,SKU0025,WH_SOUTH,0,637,0,0,0,0,159,0,Short,Poly_Spandex,Navy,core,25.18,36
2025-04-14,SKU0026,DC_CT,40,0,3,0,0,0,0,0,Jacket,Poly_Spandex,Red,core,26.19,24
2025-04-21,SKU0002,DC_CT,199,0,10,0,0,0,0,0,Tee,Nylon_Taffeta,Red,extended,11.75,24
2025-04-21,SKU0002,WH_SOUTH,0,351,0,0,0,0,0,0,Tee,Nylon_Taffeta,Red,extended,11.75,24
2025-04-21,SKU0004,DC_CT,188,0,4,0,0,0,388,0,Tee,Ripstop,White,extended,14.15,36
2025-04-21,SKU0004,WH_SOUTH,0,916,0,0,0,0,388,0,Tee,Ripstop,White,extended,14.15,36
2025-04-21,SKU0006,DC_HCMC,95,0,4,0,0,0,0,0,Jacket,French_Terry,White,core,25.25,36
2025-04-21,SKU0006,WH_NORTH,0,123,0,0,0,0,0,0,Jacket,French_Terry,White,core,25.25,36
2025-04-21,SKU0007,DC_HN,86,0,1,0,0,0,0,111,Dress,Cotton_Jersey,Navy,extended,18.67,24
2025-04-21,SKU0009,WH_SOUTH,0,478,0,0,0,0,0,0,Polo,Fleece,Sand,extended,14.71,24
2025-04-21,SKU0013,DC_CT,0,1,0,0,0,0,921,269,Polo,Cotton_Jersey,White,core,17.4,24
2025-04-21,SKU0013,WH_SOUTH,0,152,0,0,0,0,921,269,Polo,Cotton_Jersey,White,core,17.4,24
2025-04-21,SKU0014,WH_SOUTH,0,351,0,0,0,0,422,0,Dress,Cotton_Jersey,Olive,core,22.79,24
2025-04-21,SKU0015,DC_HN,160,0,6,0,0,0,0,42,Polo,French_Terry,White,core,20.18,24
2025-04-21,SKU0017,WH_NORTH,0,42,0,0,0,0,0,0,Jacket,Cotton_Jersey,Grey,core,19.88,24
2025-04-21,SKU0020,WH_NORTH,0,822,0,0,0,0,77,423,Hoodie,Cotton_Jersey,Black,core,20.3,12
2025-04-21,SKU0022,DC_HCMC,75,0,1,0,0,0,77,0,Dress,Ripstop,Grey,core,22.11,24
2025-04-21,SKU0024,DC_CT,0,112,0,0,0,0,0,0,Tee,Fleece,Black,core,6.06,36
2025-04-21,SKU0024,DC_DN,65,0,1,0,0,0,0,0,Tee,Fleece,Black,core,6.06,36
2025-04-21,SKU0024,WH_SOUTH,138,0,5,0,0,0,0,0,Tee,Fleece,Black,core,6.06,36
2025-04-21,SKU0025,DC_DN,133,0,2,149,0,30.55,360,235,Short,Poly_Spandex,Navy,core,25.18,36
2025-04-28,SKU0002,WH_SOUTH,0,702,0,0,0,0,192,368,Tee,Nylon_Taffeta,Red,extended,11.75,24
2025-04-28,SKU0004,WH_SOUTH,0,2748,0,0,0,0,0,235,Tee,Ripstop,White,extended,14.15,36
2025-04-28,SKU0005,DC_HCMC,101,0,4,95,0,11.92,154,38,Legging,Nylon_Taffeta,Navy,core,25.08,12
2025-04-28,SKU0005,WH_NORTH,0,466,0,0,0,0,154,38,Legging,Nylon_Taffeta,Navy,core,25.08,12
2025-04-28,SKU0006,WH_NORTH,0,123,0,0,0,0,381,183,Jacket,French_Terry,White,core,25.25,36
2025-04-28,SKU0007,DC_DN,45,0,1,0,0,0,105,126,Dress,Cotton_Jersey,Navy,extended,18.67,24
2025-04-28,SKU0007,WH_NORTH,1636,0,60,0,0,0,105,126,Dress,Cotton_Jersey,Navy,extended,18.67,24
2025-04-28,SKU0009,WH_NORTH,1752,0,53,0,0,0,418,0,Polo,Fleece,Sand,extended,14.71,24
2025-04-28,SKU0013,WH_SOUTH,0,381,0,0,0,0,246,306,Polo,Cotton_Jersey,White,core,17.4,24
2025-04-28,SKU0015,WH_SOUTH,0,551,0,0,0,0,131,310,Polo,French_Terry,White,core,20.18,24
2025-04-28,SKU0018,WH_SOUTH,0,1327,0,0,0,0,389,0,Tee,Poly_Spandex,Black,extended,7.01,24
2025-04-28,SKU0020,DC_CT,1,0,0,232,0,37.66,775,0,Hoodie,Cotton_Jersey,Black,core,20.3,12
2025-04-28,SKU0020,DC_DN,81,0,4,38,38,8.54,775,0,Hoodie,Cotton_Jersey,Black,core,20.3,12
2025-04-28,SKU0020,WH_NORTH,0,274,0,0,0,0,775,0,Hoodie,Cotton_Jersey,Black,core,20.3,12
2025-04-28,SKU0026,DC_HCMC,109,0,6,0,0,0,76,0,Jacket,Poly_Spandex,Red,core,26.19,24
2025-04-28,SKU0026,WH_SOUTH,1372,0,59,0,0,0,76,0,Jacket,Poly_Spandex,Red,core,26.19,24
2025-05-05,SKU0007,WH_NORTH,1597,0,58,0,0,0,0,0,Dress,Cotton_Jersey,Navy,extended,18.67,24
2025-05-05,SKU0007,WH_SOUTH,0,640,0,0,0,0,0,0,Dress,Cotton_Jersey,Navy,extended,18.67,24
2025-05-05,SKU0014,DC_HN,0,5,0,0,0,0,0,0,Dress,Cotton_Jersey,Olive,core,22.79,24
2025-05-05,SKU0014,WH_SOUTH,0,702,0,0,0,0,0,0,Dress,Cotton_Jersey,Olive,core,22.79,24
2025-05-05,SKU0015,DC_DN,32,0,0,0,0,0,0,0,Polo,French_Terry,White,core,20.18,24
2025-05-05,SKU0015,WH_SOUTH,0,1653,0,0,0,0,0,0,Polo,French_Terry,White,core,20.18,24
2025-05-05,SKU0017,DC_HN,115,0,5,0,0,0,0,0,Jacket,Cotton_Jersey,Grey,core,19.88,24
2025-05-05,SKU0017,WH_NORTH,0,276,0,0,0,0,0,0,Jacket,Cotton_Jersey,Grey,core,19.88,24
2025-05-05,SKU0018,DC_HN,292,0,20,0,0,0,0,842,Tee,Poly_Spandex,Black,extended,7.01,24
2025-05-05,SKU0024,DC_CT,0,77,0,0,0,0,167,227,Tee,Fleece,Black,core,6.06,36
2025-05-05,SKU0024,WH_SOUTH,0,16,0,0,0,0,167,227,Tee,Fleece,Black,core,6.06,36
2025-05-05,SKU0025,WH_SOUTH,0,776,0,0,0,0,241,260,Short,Poly_Spandex,Navy,core,25.18,36
2025-05-05,SKU0026,DC_CT,99,0,4,0,0,0,153,0,Jacket,Poly_Spandex,Red,core,26.19,24
2025-05-05,SKU0029,DC_CT,0,34,0,0,0,0,0,127,Tee,French_Terry,Olive,core,6,24
2025-05-05,SKU0029,WH_NORTH,1739,0,71,0,0,0,0,127,Tee,French_Terry,Olive,core,6,24
2025-05-12,SKU0002,DC_HN,320,0,22,0,0,0,46,76,Tee,Nylon_Taffeta,Red,extended,11.75,24
2025-05-12,SKU0005,DC_CT,30,0,0,0,0,0,45,0,Legging,Nylon_Taffeta,Navy,core,25.08,12
2025-05-12,SKU0005,WH_NORTH,0,466,0,0,0,0,45,0,Legging,Nylon_Taffeta,Navy,core,25.08,12
2025-05-12,SKU0007,WH_SOUTH,0,759,0,0,0,0,119,128,Dress,Cotton_Jersey,Navy,extended,18.67,24
2025-05-12,SKU0009,WH_NORTH,1752,0,65,0,0,0,0,0,Polo,Fleece,Sand,extended,14.71,24
2025-05-12,SKU0009,WH_SOUTH,0,833,0,0,0,0,0,0,Polo,Fleece,Sand,extended,14.71,24
2025-05-12,SKU0013,DC_HCMC,81,0,3,292,0,31.91,296,153,Polo,Cotton_Jersey,White,core,17.4,24
2025-05-12,SKU0014,WH_SOUTH,0,351,0,0,0,0,0,333,Dress,Cotton_Jersey,Olive,core,22.79,24
2025-05-12,SKU0015,DC_HN,77,0,2,143,0,19.97,141,102,Polo,French_Terry,White,core,20.18,24
2025-05-12,SKU0015,WH_SOUTH,0,1653,0,0,0,0,141,102,Polo,French_Terry,White,core,20.18,24
2025-05-12,SKU0017,DC_HCMC,28,0,2,0,0,0,0,146,Jacket,Cotton_Jersey,Grey,core,19.88,24
2025-05-12,SKU0017,WH_SOUTH,1056,0,41,0,0,0,0,146,Jacket,Cotton_Jersey,Grey,core,19.88,24
2025-05-12,SKU0018,DC_DN,64,0,5,0,0,0,319,0,Tee,Poly_Spandex,Black,extended,7.01,24
2025-05-12,SKU0018,DC_HCMC,486,0,14,316,0,37.72,319,0,Tee,Poly_Spandex,Black,extended,7.01,24
2025-05-12,SKU0020,DC_HCMC,84,0,3,0,0,0,112,203,Hoodie,Cotton_Jersey,Black,core,20.3,12
2025-05-12,SKU0020,WH_NORTH,0,908,0,0,0,0,112,203,Hoodie,Cotton_Jersey,Black,core,20.3,12
2025-05-12,SKU0021,WH_NORTH,0,534,0,0,0,0,288,0,Legging,Fleece,Olive,extended,19.03,24
2025-05-12,SKU0024,DC_CT,0,84,0,0,0,0,212,0,Tee,Fleece,Black,core,6.06,36
2025-05-12,SKU0025,WH_SOUTH,0,776,0,0,0,0,164,348,Short,Poly_Spandex,Navy,core,25.18,36
2025-05-12,SKU0029,DC_CT,0,26,0,0,0,0,65,0,Tee,French_Terry,Olive,core,6,24
2025-05-12,SKU0029,DC_HN,181,0,8,0,0,0,65,0,Tee,French_Terry,Olive,core,6,24
2025-05-12,SKU0029,WH_SOUTH,0,811,0,0,0,0,65,0,Tee,French_Terry,Olive,core,6,24
2025-05-19,SKU0005,DC_DN,51,0,4,0,0,0,122,259,Legging,Nylon_Taffeta,Navy,core,25.08,12
2025-05-19,SKU0007,DC_DN,24,0,0,0,0,0,0,0,Dress,Cotton_Jersey,Navy,extended,18.67,24
2025-05-19,SKU0014,DC_HCMC,176,0,5,0,0,0,303,246,Dress,Cotton_Jersey,Olive,core,22.79,24
2025-05-19,SKU0017,WH_NORTH,0,276,0,0,0,0,226,0,Jacket,Cotton_Jersey,Grey,core,19.88,24
2025-05-19,SKU0020,WH_NORTH,0,908,0,0,0,0,182,101,Hoodie,Cotton_Jersey,Black,core,20.3,12
2025-05-19,SKU0022,WH_SOUTH,0,204,0,0,0,0,142,0,Dress,Ripstop,Grey,core,22.11,24
2025-05-19,SKU0024,DC_DN,25,0,2,36,0,7.49,42,137,Tee,Fleece,Black,core,6.06,36
2025-05-19,SKU0029,DC_HN,149,0,10,0,0,0,122,62,Tee,French_Terry,Olive,core,6,24
2025-05-26,SKU0004,DC_HN,88,0,4,131,0,18.48,138,434,Tee,Ripstop,White,extended,14.15,36
2025-05-26,SKU0004,WH_SOUTH,0,1095,0,0,0,0,138,434,Tee,Ripstop,White,extended,14.15,36
2025-05-26,SKU0005,DC_CT,112,0,5,0,0,0,147,0,Legging,Nylon_Taffeta,Navy,core,25.08,12
2025-05-26,SKU0005,WH_NORTH,0,1126,0,0,0,0,147,0,Legging,Nylon_Taffeta,Navy,core,25.08,12
2025-05-26,SKU0006,DC_DN,0,11,0,0,0,0,88,51,Jacket,French_Terry,White,core,25.25,36
2025-05-26,SKU0006,WH_NORTH,0,555,0,0,0,0,88,51,Jacket,French_Terry,White,core,25.25,36
2025-05-26,SKU0009,DC_HN,104,0,5,0,0,0,38,70,Polo,Fleece,Sand,extended,14.71,24
2025-05-26,SKU0013,WH_NORTH,2229,0,79,0,0,0,143,129,Polo,Cotton_Jersey,White,core,17.4,24
2025-05-26,SKU0015,WH_SOUTH,0,551,0,0,0,0,0,0,Polo,French_Terry,White,core,20.18,24
2025-05-26,SKU0017,DC_CT,0,4,0,0,0,0,0,85,Jacket,Cotton_Jersey,Grey,core,19.88,24
2025-05-26,SKU0017,WH_SOUTH,1067,0,45,0,0,0,0,85,Jacket,Cotton_Jersey,Grey,core,19.88,24
2025-05-26,SKU0020,WH_NORTH,0,908,0,0,0,0,0,0,Hoodie,Cotton_Jersey,Black,core,20.3,12
2025-05-26,SKU0021,DC_HCMC,20,0,1,0,0,0,135,0,Legging,Fleece,Olive,extended,19.03,24
2025-05-26,SKU0021,DC_HN,201,0,10,0,0,0,135,0,Legging,Fleece,Olive,extended,19.03,24
2025-05-26,SKU0021,WH_NORTH,0,654,0,0,0,0,135,0,Legging,Fleece,Olive,extended,19.03,24
2025-05-26,SKU0022,DC_CT,0,11,0,0,0,0,70,70,Dress,Ripstop,Grey,core,22.11,24
2025-05-26,SKU0025,DC_DN,240,0,13,117,0,25.92,381,342,Short,Poly_Spandex,Navy,core,25.18,36
2025-05-26,SKU0025,WH_SOUTH,0,1039,0,0,0,0,381,342,Short,Poly_Spandex,Navy,core,25.18,36
2025-05-26,SKU0029,WH_SOUTH,0,866,0,0,0,0,0,169,Tee,French_Terry,Olive,core,6,24
2025-06-02,SKU0002,DC_HN,312,0,18,0,0,0,0,140,Tee,Nylon_Taffeta,Red,extended,11.75,24
2025-06-02,SKU0004,DC_DN,168,0,5,0,0,0,0,300,Tee,Ripstop,White,extended,14.15,36
2025-06-02,SKU0004,WH_SOUTH,0,1095,0,0,0,0,0,300,Tee,Ripstop,White,extended,14.15,36
2025-06-02,SKU0006,DC_DN,0,36,0,0,0,0,47,0,Jacket,French_Terry,White,core,25.25,36
2025-06-02,SKU0006,WH_NORTH,0,359,0,0,0,0,47,0,Jacket,French_Terry,White,core,25.25,36
2025-06-02,SKU0007,DC_CT,0,10,0,0,0,0,122,35,Dress,Cotton_Jersey,Navy,extended,18.67,24
2025-06-02,SKU0009,DC_CT,0,9,0,0,0,0,1231,637,Polo,Fleece,Sand,extended,14.71,24
2025-06-02,SKU0009,WH_SOUTH,0,1579,0,0,0,0,1231,637,Polo,Fleece,Sand,extended,14.71,24
2025-06-02,SKU0013,DC_CT,92,0,3,0,0,0,140,0,Polo,Cotton_Jersey,White,core,17.4,24
2025-06-02,SKU0013,DC_HN,235,0,8,124,0,14.55,140,0,Polo,Cotton_Jersey,White,core,17.4,24
2025-06-02,SKU0013,WH_SOUTH,0,1606,0,0,0,0,140,0,Polo,Cotton_Jersey,White,core,17.4,24
2025-06-02,SKU0015,DC_CT,39,0,1,0,0,0,97,0,Polo,French_Terry,White,core,20.18,24
2025-06-02,SKU0015,WH_NORTH,1950,0,67,0,0,0,97,0,Polo,French_Terry,White,core,20.18,24
2025-06-02,SKU0015,WH_SOUTH,0,1102,0,0,0,0,97,0,Polo,French_Terry,White,core,20.18,24
2025-06-02,SKU0017,DC_CT,0,14,0,0,0,0,81,0,Jacket,Cotton_Jersey,Grey,core,19.88,24
2025-06-02,SKU0017,WH_NORTH,0,276,0,0,0,0,81,0,Jacket,Cotton_Jersey,Grey,core,19.88,24
2025-06-02,SKU0020,WH_NORTH,0,908,0,0,0,0,97,0,Hoodie,Cotton_Jersey,Black,core,20.3,12
2025-06-02,SKU0021,DC_CT,0,28,0,0,0,0,0,472,Legging,Fleece,Olive,extended,19.03,24
2025-06-02,SKU0021,WH_NORTH,0,1308,0,0,0,0,0,472,Legging,Fleece,Olive,extended,19.03,24
2025-06-02,SKU0022,WH_SOUTH,0,1060,0,0,0,0,0,0,Dress,Ripstop,Grey,core,22.11,24
2025-06-02,SKU0024,DC_HCMC,219,0,5,0,0,0,0,0,Tee,Fleece,Black,core,6.06,36
2025-06-02,SKU0025,DC_CT,79,0,3,0,0,0,0,245,Short,Poly_Spandex,Navy,core,25.18,36
2025-06-02,SKU0026,DC_DN,105,0,5,0,0,0,84,76,Jacket,Poly_Spandex,Red,core,26.19,24
2025-06-09,SKU0004,DC_HCMC,174,0,8,0,0,0,600,225,Tee,Ripstop,White,extended,14.15,36
2025-06-09,SKU0005,DC_DN,101,0,3,0,0,0,0,0,Legging,Nylon_Taffeta,Navy,core,25.08,12
2025-06-09,SKU0005,WH_NORTH,0,563,0,0,0,0,0,0,Legging,Nylon_Taffeta,Navy,core,25.08,12
2025-06-09,SKU0006,DC_DN,0,89,0,0,0,0,0,316,Jacket,French_Terry,White,core,25.25,36
2025-06-09,SKU0006,WH_NORTH,0,1077,0,0,0,0,0,316,Jacket,French_Terry,White,core,25.25,36
2025-06-09,SKU0007,DC_CT,0,21,0,0,0,0,41,192,Dress,Cotton_Jersey,Navy,extended,18.67,24
2025-06-09,SKU0007,DC_HN,118,0,8,0,0,0,41,192,Dress,Cotton_Jersey,Navy,extended,18.67,24
2025-06-09,SKU0007,WH_SOUTH,0,2349,0,0,0,0,41,192,Dress,Cotton_Jersey,Navy,extended,18.67,24
2025-06-09,SKU0009,DC_CT,0,18,0,0,0,0,221,921,Polo,Fleece,Sand,extended,14.71,24
2025-06-09,SKU0009,WH_SOUTH,0,1728,0,0,0,0,221,921,Polo,Fleece,Sand,extended,14.71,24
2025-06-09,SKU0013,WH_SOUTH,0,803,0,0,0,0,0,97,Polo,Cotton_Jersey,White,core,17.4,24
2025-06-09,SKU0014,DC_CT,0,1,0,0,0,0,66,0,Dress,Cotton_Jersey,Olive,core,22.79,24
2025-06-09,SKU0014,DC_DN,28,0,1,0,0,0,66,0,Dress,Cotton_Jersey,Olive,core,22.79,24
2025-06-09,SKU0015,DC_DN,3,0,1,0,0,0,188,200,Polo,French_Terry,White,core,20.18,24
2025-06-09,SKU0015,WH_SOUTH,0,1102,0,0,0,0,188,200,Polo,French_Terry,White,core,20.18,24
2025-06-09,SKU0017,WH_NORTH,0,552,0,0,0,0,0,0,Jacket,Cotton_Jersey,Grey,core,19.88,24
2025-06-09,SKU0018,DC_HCMC,589,0,20,57,57,7.26,59,0,Tee,Poly_Spandex,Black,extended,7.01,24
2025-06-09,SKU0018,WH_NORTH,3503,0,151,0,0,0,59,0,Tee,Poly_Spandex,Black,extended,7.01,24
2025-06-09,SKU0018,WH_SOUTH,0,2125,0,0,0,0,59,0,Tee,Poly_Spandex,Black,extended,7.01,24
2025-06-09,SKU0021,WH_NORTH,0,654,0,0,0,0,199,94,Legging,Fleece,Olive,extended,19.03,24
2025-06-09,SKU0022,DC_CT,0,57,0,0,0,0,65,0,Dress,Ripstop,Grey,core,22.11,24
2025-06-09,SKU0022,DC_DN,15,0,0,60,60,11.52,65,0,Dress,Ripstop,Grey,core,22.11,24
2025-06-09,SKU0022,WH_SOUTH,0,265,0,0,0,0,65,0,Dress,Ripstop,Grey,core,22.11,24
2025-06-09,SKU0024,DC_CT,0,113,0,0,0,0,0,0,Tee,Fleece,Black,core,6.06,36
2025-06-09,SKU0024,DC_DN,37,0,5,0,0,0,0,0,Tee,Fleece,Black,core,6.06,36
2025-06-09,SKU0024,DC_HCMC,186,0,7,0,0,0,0,0,Tee,Fleece,Black,core,6.06,36
2025-06-09,SKU0025,WH_SOUTH,0,1039,0,0,0,0,396,290,Short,Poly_Spandex,Navy,core,25.18,36
2025-06-09,SKU0029,DC_CT,0,167,0,0,0,0,218,0,Tee,French_Terry,Olive,core,6,24
2025-06-16,SKU0002,DC_DN,92,0,6,0,0,0,177,0,Tee,Nylon_Taffeta,Red,extended,11.75,24
2025-06-16,SKU0004,WH_SOUTH,0,1154,0,0,0,0,71,73,Tee,Ripstop,White,extended,14.15,36
2025-06-16,SKU0006,DC_DN,0,77,0,0,0,0,0,0,Jacket,French_Terry,White,core,25.25,36
2025-06-16,SKU0006,DC_HCMC,59,0,0,0,0,0,0,0,Jacket,French_Terry,White,core,25.25,36
2025-06-16,SKU0006,WH_NORTH,0,359,0,0,0,0,0,0,Jacket,French_Terry,White,core,25.25,36
2025-06-16,SKU0007,DC_CT,0,33,0,0,0,0,137,308,Dress,Cotton_Jersey,Navy,extended,18.67,24
2025-06-16,SKU0007,WH_SOUTH,0,1746,0,0,0,0,137,308,Dress,Cotton_Jersey,Navy,extended,18.67,24
2025-06-16,SKU0009,DC_CT,0,24,0,0,0,0,0,35,Polo,Fleece,Sand,extended,14.71,24
2025-06-16,SKU0009,DC_HN,117,0,4,0,0,0,0,35,Polo,Fleece,Sand,extended,14.71,24
2025-06-16,SKU0014,DC_CT,0,5,0,0,0,0,92,0,Dress,Cotton_Jersey,Olive,core,22.79,24
2025-06-16,SKU0014,WH_SOUTH,0,417,0,0,0,0,92,0,Dress,Cotton_Jersey,Olive,core,22.79,24
2025-06-16,SKU0015,DC_DN,0,13,0,0,0,0,0,0,Polo,French_Terry,White,core,20.18,24
2025-06-16,SKU0015,WH_SOUTH,0,551,0,0,0,0,0,0,Polo,French_Terry,White,core,20.18,24
2025-06-16,SKU0017,DC_CT,0,53,0,0,0,0,0,0,Jacket,Cotton_Jersey,Grey,core,19.88,24
2025-06-16,SKU0017,WH_NORTH,0,414,0,0,0,0,0,0,Jacket,Cotton_Jersey,Grey,core,19.88,24
2025-06-16,SKU0018,WH_SOUTH,0,4364,0,0,0,0,0,0,Tee,Poly_Spandex,Black,extended,7.01,24
2025-06-16,SKU0020,DC_HCMC,92,0,6,0,0,0,0,0,Hoodie,Cotton_Jersey,Black,core,20.3,12
2025-06-16,SKU0020,WH_NORTH,0,908,0,0,0,0,0,0,Hoodie,Cotton_Jersey,Black,core,20.3,12
2025-06-16,SKU0021,DC_CT,122,0,6,0,0,0,232,344,Legging,Fleece,Olive,extended,19.03,24
2025-06-16,SKU0022,DC_CT,0,84,0,0,0,0,0,54,Dress,Ripstop,Grey,core,22.11,24
2025-06-16,SKU0022,DC_HN,116,0,6,0,0,0,0,54,Dress,Ripstop,Grey,core,22.11,24
2025-06-16,SKU0024,DC_CT,0,121,0,0,0,0,0,184,Tee,Fleece,Black,core,6.06,36
2025-06-16,SKU0029,DC_DN,194,0,9,0,0,0,0,0,Tee,French_Terry,Olive,core,6,24
2025-06-16,SKU0029,DC_HN,68,0,3,0,0,0,0,0,Tee,French_Terry,Olive,core,6,24
2025-06-23,SKU0002,WH_SOUTH,0,551,0,0,0,0,0,397,Tee,Nylon_Taffeta,Red,extended,11.75,24
2025-06-23,SKU0004,WH_SOUTH,0,1352,0,0,0,0,200,0,Tee,Ripstop,White,extended,14.15,36
2025-06-23,SKU0005,WH_NORTH,0,1126,0,0,0,0,0,66,Legging,Nylon_Taffeta,Navy,core,25.08,12
2025-06-23,SKU0006,DC_DN,0,80,0,0,0,0,194,90,Jacket,French_Terry,White,core,25.25,36
2025-06-23,SKU0007,WH_SOUTH,0,873,0,0,0,0,163,103,Dress,Cotton_Jersey,Navy,extended,18.67,24
2025-06-23,SKU0009,DC_CT,0,25,0,0,0,0,122,456,Polo,Fleece,Sand,extended,14.71,24
2025-06-23,SKU0009,WH_NORTH,3409,0,154,0,0,0,122,456,Polo,Fleece,Sand,extended,14.71,24
2025-06-23,SKU0014,DC_CT,0,26,0,0,0,0,122,66,Dress,Cotton_Jersey,Olive,core,22.79,24
2025-06-23,SKU0014,DC_HCMC,195,0,6,0,0,0,122,66,Dress,Cotton_Jersey,Olive,core,22.79,24
2025-06-23,SKU0015,DC_DN,0,23,0,0,0,0,0,0,Polo,French_Terry,White,core,20.18,24
2025-06-23,SKU0015,DC_HN,264,0,11,0,0,0,0,0,Polo,French_Terry,White,core,20.18,24
2025-06-23,SKU0017,WH_SOUTH,995,0,43,0,0,0,0,0,Jacket,Cotton_Jersey,Grey,core,19.88,24
2025-06-23,SKU0018,DC_CT,82,0,3,0,0,0,0,342,Tee,Poly_Spandex,Black,extended,7.01,24
2025-06-23,SKU0018,DC_HCMC,439,0,14,0,0,0,0,342,Tee,Poly_Spandex,Black,extended,7.01,24
2025-06-23,SKU0018,WH_SOUTH,0,4364,0,0,0,0,0,342,Tee,Poly_Spandex,Black,extended,7.01,24
2025-06-23,SKU0020,WH_NORTH,0,908,0,0,0,0,0,285,Hoodie,Cotton_Jersey,Black,core,20.3,12
2025-06-23,SKU0022,DC_CT,0,93,0,0,0,0,0,169,Dress,Ripstop,Grey,core,22.11,24
2025-06-23,SKU0024,DC_DN,24,0,0,0,0,0,165,201,Tee,Fleece,Black,core,6.06,36
2025-06-23,SKU0026,DC_HCMC,74,0,6,132,0,14.07,457,41,Jacket,Poly_Spandex,Red,core,26.19,24
2025-06-23,SKU0029,DC_CT,0,65,0,0,0,0,0,60,Tee,French_Terry,Olive,core,6,24
2025-06-30,SKU0013,DC_DN,210,0,9,0,0,0,0,0,Polo,Cotton_Jersey,White,core,17.4,24
2025-06-30,SKU0013,WH_NORTH,2516,0,103,0,0,0,0,0,Polo,Cotton_Jersey,White,core,17.4,24
2025-06-30,SKU0015,DC_HCMC,39,0,3,0,0,0,0,453,Polo,French_Terry,White,core,20.18,24
2025-06-30,SKU0017,DC_HCMC,60,0,2,0,0,0,0,57,Jacket,Cotton_Jersey,Grey,core,19.88,24
2025-06-30,SKU0018,DC_CT,69,0,4,0,0,0,0,0,Tee,Poly_Spandex,Black,extended,7.01,24
2025-06-30,SKU0018,DC_HN,135,0,4,0,0,0,0,0,Tee,Poly_Spandex,Black,extended,7.01,24
2025-06-30,SKU0021,WH_NORTH,0,917,0,0,0,0,422,272,Legging,Fleece,Olive,extended,19.03,24
2025-06-30,SKU0025,DC_HCMC,181,0,6,0,0,0,0,105,Short,Poly_Spandex,Navy,core,25.18,36
2025-06-30,SKU0029,DC_HN,38,0,2,0,0,0,0,107,Tee,French_Terry,Olive,core,6,24
2025-01-06,SKU0001,DC_HN,0,0,0,48,0,6.79,56,0,Dress,Poly_Spandex,Red,core,24.34,24
2025-01-06,SKU0006,DC_HCMC,0,0,0,106,0,13.24,105,261,Jacket,French_Terry,White,core,25.25,36
2025-01-06,SKU0014,DC_HCMC,0,0,0,77,0,9.87,80,141,Dress,Cotton_Jersey,Olive,core,22.79,24
2025-01-13,SKU0010,DC_DN,0,0,0,153,0,33.74,157,251,Short,Cotton_Jersey,White,core,29.47,24
2025-01-13,SKU0013,DC_HN,0,0,0,224,224,28.909999999999997,247,0,Polo,Cotton_Jersey,White,core,17.4,24
2025-01-13,SKU0014,DC_HN,0,0,0,42,42,5.6,46,0,Dress,Cotton_Jersey,Olive,core,22.79,24
2025-01-13,SKU0019,DC_HN,0,0,0,47,47,5.99,57,69,Hoodie,Fleece,Blue,extended,20.22,24
2025-01-13,SKU0020,DC_HCMC,0,0,0,81,0,10.02,90,98,Hoodie,Cotton_Jersey,Black,core,20.3,12
2025-01-13,SKU0028,DC_HCMC,0,0,0,57,0,7.4,59,88,Jacket,Nylon_Taffeta,Grey,extended,21.3,36
2025-01-13,SKU0029,DC_HN,0,0,0,59,59,7.14,61,0,Tee,French_Terry,Olive,core,6,24
2025-01-13,SKU0030,DC_DN,0,0,0,96,96,20.4,99,327,Dress,Fleece,Sand,core,22.65,36
2025-01-20,SKU0004,DC_CT,0,0,0,176,0,28,193,142,Tee,Ripstop,White,extended,14.15,36
2025-01-20,SKU0005,DC_HCMC,0,0,0,47,0,5.58,130,0,Legging,Nylon_Taffeta,Navy,core,25.08,12
2025-01-20,SKU0006,DC_HN,0,0,0,302,0,36.15,350,0,Jacket,French_Terry,White,core,25.25,36
2025-01-20,SKU0007,DC_HCMC,0,0,0,341,0,44.11,455,303,Dress,Cotton_Jersey,Navy,extended,18.67,24
2025-01-20,SKU0009,DC_CT,0,0,0,217,0,33.87,374,133,Polo,Fleece,Sand,extended,14.71,24
2025-01-20,SKU0009,DC_DN,0,0,0,139,0,32.69,374,133,Polo,Fleece,Sand,extended,14.71,24
2025-01-20,SKU0012,DC_HCMC,0,0,0,126,0,15.1,143,0,Legging,Ripstop,Black,core,19.69,24
2025-01-20,SKU0018,DC_CT,0,0,0,94,0,15.51,185,188,Tee,Poly_Spandex,Black,extended,7.01,24
2025-01-20,SKU0018,DC_DN,0,0,0,69,0,13.69,185,188,Tee,Poly_Spandex,Black,extended,7.01,24
2025-01-20,SKU0019,DC_HN,0,0,0,57,0,7.97,66,85,Hoodie,Fleece,Blue,extended,20.22,24
2025-01-20,SKU0021,DC_HN,0,0,0,40,40,5.38,39,0,Legging,Fleece,Olive,extended,19.03,24
2025-01-20,SKU0023,DC_DN,0,0,0,215,0,45.84,231,142,Tee,Fleece,Grey,core,13.1,24
2025-01-20,SKU0027,DC_HCMC,0,0,0,246,0,30.81,263,0,Sweatpant,Cotton_Jersey,Olive,core,11.34,24
2025-01-20,SKU0028,DC_CT,0,0,0,135,0,18.01,160,27,Jacket,Nylon_Taffeta,Grey,extended,21.3,36
2025-01-27,SKU0003,DC_HN,0,0,0,18,0,2.12,20,140,Sweatpant,Poly_Spandex,Blue,core,19.86,24
2025-01-27,SKU0005,DC_DN,0,0,0,70,0,13.48,85,282,Legging,Nylon_Taffeta,Navy,core,25.08,12
2025-01-27,SKU0008,DC_DN,0,0,0,59,59,13.02,132,80,Hoodie,French_Terry,Sand,core,23.12,12
2025-01-27,SKU0009,DC_HCMC,0,0,0,108,0,12.25,194,0,Polo,Fleece,Sand,extended,14.71,24
2025-01-27,SKU0009,DC_HN,0,0,0,70,70,8.51,194,0,Polo,Fleece,Sand,extended,14.71,24
2025-01-27,SKU0014,DC_HN,0,0,0,33,0,4.41,38,36,Dress,Cotton_Jersey,Olive,core,22.79,24
2025-01-27,SKU0015,DC_HCMC,0,0,0,175,0,20.62,268,315,Polo,French_Terry,White,core,20.18,24
2025-01-27,SKU0015,DC_HN,0,0,0,73,73,9.86,268,315,Polo,French_Terry,White,core,20.18,24
2025-01-27,SKU0016,DC_HN,0,0,0,97,97,11.15,96,0,Jacket,Fleece,White,core,22.06,24
2025-01-27,SKU0018,DC_HCMC,0,0,0,149,0,18.36,162,70,Tee,Poly_Spandex,Black,extended,7.01,24
2025-01-27,SKU0020,DC_CT,0,0,0,63,0,10.25,223,146,Hoodie,Cotton_Jersey,Black,core,20.3,12
2025-01-27,SKU0020,DC_HCMC,0,0,0,138,0,16.32,223,146,Hoodie,Cotton_Jersey,Black,core,20.3,12
2025-01-27,SKU0024,DC_HN,0,0,0,88,88,11.05,102,95,Tee,Fleece,Black,core,6.06,36
2025-01-27,SKU0025,DC_HN,0,0,0,75,75,9.53,93,206,Short,Poly_Spandex,Navy,core,25.18,36
2025-01-27,SKU0027,DC_DN,0,0,0,27,27,6.1,127,0,Sweatpant,Cotton_Jersey,Olive,core,11.34,24
2025-01-27,SKU0028,DC_HN,0,0,0,71,71,9.57,79,0,Jacket,Nylon_Taffeta,Grey,extended,21.3,36
2025-01-27,SKU0030,DC_CT,0,0,0,218,0,33.14,214,0,Dress,Fleece,Sand,core,22.65,36
2025-02-03,SKU0002,DC_HN,0,0,0,174,0,24.1,214,0,Tee,Nylon_Taffeta,Red,extended,11.75,24
2025-02-03,SKU0003,DC_CT,0,0,0,21,0,3.46,20,21,Sweatpant,Poly_Spandex,Blue,core,19.86,24
2025-02-03,SKU0004,DC_CT,0,0,0,39,0,5.37,159,316,Tee,Ripstop,White,extended,14.15,36
2025-02-03,SKU0004,DC_HN,0,0,0,110,0,13.08,159,316,Tee,Ripstop,White,extended,14.15,36
2025-02-03,SKU0005,DC_DN,0,0,0,143,0,29.3,264,65,Legging,Nylon_Taffeta,Navy,core,25.08,12
2025-02-03,SKU0005,DC_HN,0,0,0,105,0,12.74,264,65,Legging,Nylon_Taffeta,Navy,core,25.08,12
2025-02-03,SKU0006,DC_DN,0,0,0,54,0,12.47,57,50,Jacket,French_Terry,White,core,25.25,36
2025-02-03,SKU0007,DC_HCMC,0,0,0,43,0,4.88,44,57,Dress,Cotton_Jersey,Navy,extended,18.67,24
2025-02-03,SKU0008,DC_HCMC,0,0,0,107,0,11.54,112,260,Hoodie,French_Terry,Sand,core,23.12,12
2025-02-03,SKU0010,DC_HCMC,0,0,0,58,0,7.25,69,0,Short,Cotton_Jersey,White,core,29.47,24
2025-02-03,SKU0011,DC_HCMC,0,0,0,17,0,1.78,21,0,Short,Cotton_Jersey,Red,core,22.81,24
2025-02-03,SKU0013,DC_HN,0,0,0,181,0,24.5,182,669,Polo,Cotton_Jersey,White,core,17.4,24
2025-02-03,SKU0014,DC_DN,0,0,0,32,0,6.82,34,123,Dress,Cotton_Jersey,Olive,core,22.79,24
2025-02-03,SKU0016,DC_CT,0,0,0,58,0,8.82,272,97,Jacket,Fleece,White,core,22.06,24
2025-02-03,SKU0016,DC_HCMC,0,0,0,31,0,3.76,272,97,Jacket,Fleece,White,core,22.06,24
2025-02-03,SKU0016,DC_HN,0,0,0,144,0,16.83,272,97,Jacket,Fleece,White,core,22.06,24
2025-02-03,SKU0018,DC_HN,0,0,0,56,0,7.26,66,0,Tee,Poly_Spandex,Black,extended,7.01,24
2025-02-03,SKU0023,DC_HN,0,0,0,117,0,16.51,134,0,Tee,Fleece,Grey,core,13.1,24
2025-02-03,SKU0024,DC_HCMC,0,0,0,69,0,7.74,67,253,Tee,Fleece,Black,core,6.06,36
2025-02-03,SKU0028,DC_HN,0,0,0,23,0,3.01,24,117,Jacket,Nylon_Taffeta,Grey,extended,21.3,36
2025-02-10,SKU0004,DC_HCMC,0,0,0,112,0,14.21,255,72,Tee,Ripstop,White,extended,14.15,36
2025-02-10,SKU0006,DC_HN,0,0,0,49,0,6.45,54,0,Jacket,French_Terry,White,core,25.25,36
2025-02-10,SKU0008,DC_HCMC,0,0,0,89,0,9.87,93,0,Hoodie,French_Terry,Sand,core,23.12,12
2025-02-10,SKU0011,DC_CT,0,0,0,88,0,13.94,100,167,Short,Cotton_Jersey,Red,core,22.81,24
2025-02-10,SKU0013,DC_DN,0,0,0,306,0,61.44,577,115,Polo,Cotton_Jersey,White,core,17.4,24
2025-02-10,SKU0013,DC_HCMC,0,0,0,108,0,14.01,577,115,Polo,Cotton_Jersey,White,core,17.4,24
2025-02-10,SKU0013,DC_HN,0,0,0,97,0,12.6,577,115,Polo,Cotton_Jersey,White,core,17.4,24
2025-02-10,SKU0016,DC_HCMC,0,0,0,88,0,11.26,87,0,Jacket,Fleece,White,core,22.06,24
2025-02-10,SKU0018,DC_DN,0,0,0,75,0,15.31,80,121,Tee,Poly_Spandex,Black,extended,7.01,24
2025-02-10,SKU0019,DC_HCMC,0,0,0,63,0,8.05,77,136,Hoodie,Fleece,Blue,extended,20.22,24
2025-02-10,SKU0020,DC_HN,0,0,0,75,0,9.33,81,0,Hoodie,Cotton_Jersey,Black,core,20.3,12
2025-02-10,SKU0022,DC_CT,0,0,0,52,0,8.54,116,0,Dress,Ripstop,Grey,core,22.11,24
2025-02-10,SKU0022,DC_HN,0,0,0,54,0,7.19,116,0,Dress,Ripstop,Grey,core,22.11,24
2025-02-10,SKU0026,DC_HCMC,0,0,0,92,0,10.72,107,0,Jacket,Poly_Spandex,Red,core,26.19,24
2025-02-10,SKU0027,DC_DN,0,0,0,50,0,10.95,55,255,Sweatpant,Cotton_Jersey,Olive,core,11.34,24
2025-02-10,SKU0030,DC_HCMC,0,0,0,60,0,7.65,67,280,Dress,Fleece,Sand,core,22.65,36
2025-02-17,SKU0003,DC_DN,0,0,0,223,223,43.7,351,120,Sweatpant,Poly_Spandex,Blue,core,19.86,24
2025-02-17,SKU0003,DC_HCMC,0,0,0,102,102,12.55,351,120,Sweatpant,Poly_Spandex,Blue,core,19.86,24
2025-02-17,SKU0004,DC_CT,0,0,0,227,227,30.24,309,49,Tee,Ripstop,White,extended,14.15,36
2025-02-17,SKU0004,DC_HN,0,0,0,58,0,7.13,309,49,Tee,Ripstop,White,extended,14.15,36
2025-02-17,SKU0008,DC_CT,0,0,0,58,58,8.46,173,34,Hoodie,French_Terry,Sand,core,23.12,12
2025-02-17,SKU0013,DC_HN,0,0,0,416,0,52.03,406,0,Polo,Cotton_Jersey,White,core,17.4,24
2025-02-17,SKU0017,DC_HCMC,0,0,0,132,132,15.27,258,122,Jacket,Cotton_Jersey,Grey,core,19.88,24
2025-02-17,SKU0017,DC_HN,0,0,0,115,0,13.35,258,122,Jacket,Cotton_Jersey,Grey,core,19.88,24
2025-02-17,SKU0018,DC_HCMC,0,0,0,119,119,14.19,116,354,Tee,Poly_Spandex,Black,extended,7.01,24
2025-02-17,SKU0019,DC_HCMC,0,0,0,195,195,22.5,278,297,Hoodie,Fleece,Blue,extended,20.22,24
2025-02-17,SKU0019,DC_HN,0,0,0,51,0,6.44,278,297,Hoodie,Fleece,Blue,extended,20.22,24
2025-02-17,SKU0020,DC_CT,0,0,0,33,33,5.07,36,0,Hoodie,Cotton_Jersey,Black,core,20.3,12
2025-02-17,SKU0021,DC_DN,0,0,0,84,0,18.16,125,58,Legging,Fleece,Olive,extended,19.03,24
2025-02-17,SKU0023,DC_HN,0,0,0,152,0,18.03,179,131,Tee,Fleece,Grey,core,13.1,24
2025-02-17,SKU0024,DC_HCMC,0,0,0,111,111,12.38,124,76,Tee,Fleece,Black,core,6.06,36
2025-02-17,SKU0025,DC_CT,0,0,0,93,0,13.26,100,174,Short,Poly_Spandex,Navy,core,25.18,36
2025-02-17,SKU0026,DC_HCMC,0,0,0,130,130,15.04,287,57,Jacket,Poly_Spandex,Red,core,26.19,24
2025-02-17,SKU0026,DC_HN,0,0,0,141,0,19.86,287,57,Jacket,Poly_Spandex,Red,core,26.19,24
2025-02-17,SKU0027,DC_DN,0,0,0,179,0,39.31,336,47,Sweatpant,Cotton_Jersey,Olive,core,11.34,24
2025-02-17,SKU0028,DC_CT,0,0,0,60,0,9.21,209,341,Jacket,Nylon_Taffeta,Grey,extended,21.3,36
2025-02-17,SKU0028,DC_DN,0,0,0,41,0,8.42,209,341,Jacket,Nylon_Taffeta,Grey,extended,21.3,36
2025-02-17,SKU0028,DC_HN,0,0,0,89,0,10.67,209,341,Jacket,Nylon_Taffeta,Grey,extended,21.3,36
2025-02-17,SKU0030,DC_HCMC,0,0,0,48,48,5.63,55,192,Dress,Fleece,Sand,core,22.65,36
2025-02-24,SKU0001,DC_HN,0,0,0,64,0,8.11,63,0,Dress,Poly_Spandex,Red,core,24.34,24
2025-02-24,SKU0004,DC_HCMC,0,0,0,39,0,4.58,46,0,Tee,Ripstop,White,extended,14.15,36
2025-02-24,SKU0005,DC_HCMC,0,0,0,27,0,3.21,93,38,Legging,Nylon_Taffeta,Navy,core,25.08,12
2025-02-24,SKU0005,DC_HN,0,0,0,57,0,7.73,93,38,Legging,Nylon_Taffeta,Navy,core,25.08,12
2025-02-24,SKU0006,DC_HCMC,0,0,0,134,0,15.18,136,152,Jacket,French_Terry,White,core,25.25,36
2025-02-24,SKU0007,DC_HCMC,0,0,0,81,0,9.52,84,0,Dress,Cotton_Jersey,Navy,extended,18.67,24
2025-02-24,SKU0008,DC_HCMC,0,0,0,30,0,3.48,33,76,Hoodie,French_Terry,Sand,core,23.12,12
2025-02-24,SKU0009,DC_HN,0,0,0,364,0,47.59,431,129,Polo,Fleece,Sand,extended,14.71,24
2025-02-24,SKU0010,DC_HCMC,0,0,0,109,109,11.79,247,0,Short,Cotton_Jersey,White,core,29.47,24
2025-02-24,SKU0010,DC_HN,0,0,0,107,0,15.02,247,0,Short,Cotton_Jersey,White,core,29.47,24
2025-02-24,SKU0011,DC_CT,0,0,0,72,0,10.16,90,0,Short,Cotton_Jersey,Red,core,22.81,24
2025-02-24,SKU0013,DC_DN,0,0,0,88,0,17.25,203,244,Polo,Cotton_Jersey,White,core,17.4,24
2025-02-24,SKU0013,DC_HN,0,0,0,95,0,12.32,203,244,Polo,Cotton_Jersey,White,core,17.4,24
2025-02-24,SKU0014,DC_HCMC,0,0,0,96,0,11.53,119,130,Dress,Cotton_Jersey,Olive,core,22.79,24
2025-02-24,SKU0015,DC_HCMC,0,0,0,146,0,18.81,149,117,Polo,French_Terry,White,core,20.18,24
2025-02-24,SKU0016,DC_DN,0,0,0,119,0,24.16,264,294,Jacket,Fleece,White,core,22.06,24
2025-02-24,SKU0016,DC_HCMC,0,0,0,122,122,15.04,264,294,Jacket,Fleece,White,core,22.06,24
2025-02-24,SKU0017,DC_CT,0,0,0,57,0,8.64,58,0,Jacket,Cotton_Jersey,Grey,core,19.88,24
2025-02-24,SKU0019,DC_HN,0,0,0,65,0,9.02,72,147,Hoodie,Fleece,Blue,extended,20.22,24
2025-02-24,SKU0021,DC_CT,0,0,0,20,0,3.15,24,172,Legging,Fleece,Olive,extended,19.03,24
2025-02-24,SKU0024,DC_HCMC,0,0,0,62,0,6.69,168,0,Tee,Fleece,Black,core,6.06,36
2025-02-24,SKU0024,DC_HN,0,0,0,101,0,13.34,168,0,Tee,Fleece,Black,core,6.06,36
2025-02-24,SKU0025,DC_CT,0,0,0,565,0,80.92,799,0,Short,Poly_Spandex,Navy,core,25.18,36
2025-02-24,SKU0025,DC_HN,0,0,0,160,0,20.74,799,0,Short,Poly_Spandex,Navy,core,25.18,36
2025-02-24,SKU0028,DC_CT,0,0,0,96,0,13.73,233,0,Jacket,Nylon_Taffeta,Grey,extended,21.3,36
2025-02-24,SKU0028,DC_DN,0,0,0,115,115,22.44,233,0,Jacket,Nylon_Taffeta,Grey,extended,21.3,36
2025-02-24,SKU0030,DC_DN,0,0,0,39,39,9.2,45,24,Dress,Fleece,Sand,core,22.65,36
2025-03-03,SKU0002,DC_DN,0,0,0,391,391,81.79,483,0,Tee,Nylon_Taffeta,Red,extended,11.75,24
2025-03-03,SKU0005,DC_HCMC,0,0,0,298,0,31.99,297,0,Legging,Nylon_Taffeta,Navy,core,25.08,12
2025-03-03,SKU0008,DC_CT,0,0,0,55,0,8.51,68,0,Hoodie,French_Terry,Sand,core,23.12,12
2025-03-03,SKU0009,DC_DN,0,0,0,361,361,69.78,557,183,Polo,Fleece,Sand,extended,14.71,24
2025-03-03,SKU0009,DC_HN,0,0,0,175,0,20.5,557,183,Polo,Fleece,Sand,extended,14.71,24
2025-03-03,SKU0011,DC_HCMC,0,0,0,47,0,6.04,50,0,Short,Cotton_Jersey,Red,core,22.81,24
2025-03-03,SKU0012,DC_CT,0,0,0,66,0,10.29,210,55,Legging,Ripstop,Black,core,19.69,24
2025-03-03,SKU0012,DC_HN,0,0,0,127,0,14.88,210,55,Legging,Ripstop,Black,core,19.69,24
2025-03-03,SKU0013,DC_HCMC,0,0,0,212,0,25.66,210,220,Polo,Cotton_Jersey,White,core,17.4,24
2025-03-03,SKU0014,DC_DN,0,0,0,121,0,25.66,121,33,Dress,Cotton_Jersey,Olive,core,22.79,24
2025-03-03,SKU0018,DC_DN,0,0,0,45,0,10.5,45,64,Tee,Poly_Spandex,Black,extended,7.01,24
2025-03-03,SKU0019,DC_CT,0,0,0,39,0,6.36,275,72,Hoodie,Fleece,Blue,extended,20.22,24
2025-03-03,SKU0019,DC_HCMC,0,0,0,70,0,8.81,275,72,Hoodie,Fleece,Blue,extended,20.22,24
2025-03-03,SKU0019,DC_HN,0,0,0,141,0,18.82,275,72,Hoodie,Fleece,Blue,extended,20.22,24
2025-03-03,SKU0021,DC_DN,0,0,0,47,0,10.59,54,312,Legging,Fleece,Olive,extended,19.03,24
2025-03-03,SKU0022,DC_HCMC,0,0,0,177,0,18.77,283,156,Dress,Ripstop,Grey,core,22.11,24
2025-03-03,SKU0022,DC_HN,0,0,0,63,0,8.59,283,156,Dress,Ripstop,Grey,core,22.11,24
2025-03-03,SKU0023,DC_HN,0,0,0,96,0,12.65,307,253,Tee,Fleece,Grey,core,13.1,24
2025-03-03,SKU0030,DC_HCMC,0,0,0,228,0,29.48,256,118,Dress,Fleece,Sand,core,22.65,36
2025-03-10,SKU0002,DC_HCMC,0,0,0,107,0,12.57,123,134,Tee,Nylon_Taffeta,Red,extended,11.75,24
2025-03-10,SKU0006,DC_DN,0,0,0,55,0,11.49,173,0,Jacket,French_Terry,White,core,25.25,36
2025-03-10,SKU0006,DC_HN,0,0,0,110,110,13.28,173,0,Jacket,French_Terry,White,core,25.25,36
2025-03-10,SKU0008,DC_DN,0,0,0,142,0,32.31,156,328,Hoodie,French_Terry,Sand,core,23.12,12
2025-03-10,SKU0009,DC_HN,0,0,0,111,111,13.9,121,166,Polo,Fleece,Sand,extended,14.71,24
2025-03-10,SKU0015,DC_CT,0,0,0,185,0,25.39,397,509,Polo,French_Terry,White,core,20.18,24
2025-03-10,SKU0015,DC_DN,0,0,0,97,0,21.86,397,509,Polo,French_Terry,White,core,20.18,24
2025-03-10,SKU0015,DC_HCMC,0,0,0,113,0,13.41,397,509,Polo,French_Terry,White,core,20.18,24
2025-03-10,SKU0019,DC_HN,0,0,0,81,81,10.46,87,0,Hoodie,Fleece,Blue,extended,20.22,24
2025-03-10,SKU0020,DC_HCMC,0,0,0,126,0,16.25,157,69,Hoodie,Cotton_Jersey,Black,core,20.3,12
2025-03-10,SKU0021,DC_HCMC,0,0,0,148,148,16.75,253,58,Legging,Fleece,Olive,extended,19.03,24
2025-03-10,SKU0021,DC_HN,0,0,0,83,83,10.46,253,58,Legging,Fleece,Olive,extended,19.03,24
2025-03-10,SKU0023,DC_HCMC,0,0,0,309,0,35.89,313,0,Tee,Fleece,Grey,core,13.1,24
2025-03-10,SKU0025,DC_HCMC,0,0,0,112,0,12.47,118,207,Short,Poly_Spandex,Navy,core,25.18,36
2025-03-10,SKU0030,DC_DN,0,0,0,104,0,21.3,127,252,Dress,Fleece,Sand,core,22.65,36
2025-03-17,SKU0005,DC_HCMC,0,0,0,36,0,3.89,36,202,Legging,Nylon_Taffeta,Navy,core,25.08,12
2025-03-17,SKU0007,DC_HCMC,0,0,0,54,0,6.26,58,97,Dress,Cotton_Jersey,Navy,extended,18.67,24
2025-03-17,SKU0008,DC_HCMC,0,0,0,143,0,17.92,147,76,Hoodie,French_Terry,Sand,core,23.12,12
2025-03-17,SKU0011,DC_HN,0,0,0,208,0,26.47,207,215,Short,Cotton_Jersey,Red,core,22.81,24
2025-03-17,SKU0014,DC_DN,0,0,0,195,0,42.28,256,0,Dress,Cotton_Jersey,Olive,core,22.79,24
2025-03-17,SKU0015,DC_HCMC,0,0,0,129,0,16.64,361,0,Polo,French_Terry,White,core,20.18,24
2025-03-17,SKU0015,DC_HN,0,0,0,223,0,28.35,361,0,Polo,French_Terry,White,core,20.18,24
2025-03-17,SKU0018,DC_DN,0,0,0,122,0,28.09,136,445,Tee,Poly_Spandex,Black,extended,7.01,24
2025-03-17,SKU0019,DC_CT,0,0,0,41,0,5.56,48,0,Hoodie,Fleece,Blue,extended,20.22,24
2025-03-17,SKU0020,DC_DN,0,0,0,39,0,9.09,91,193,Hoodie,Cotton_Jersey,Black,core,20.3,12
2025-03-17,SKU0021,DC_HN,0,0,0,166,0,22.44,246,56,Legging,Fleece,Olive,extended,19.03,24
2025-03-17,SKU0024,DC_DN,0,0,0,140,0,32.79,145,0,Tee,Fleece,Black,core,6.06,36
2025-03-17,SKU0025,DC_HN,0,0,0,192,0,21.98,189,0,Short,Poly_Spandex,Navy,core,25.18,36
2025-03-17,SKU0027,DC_HCMC,0,0,0,164,0,17.26,162,487,Sweatpant,Cotton_Jersey,Olive,core,11.34,24
2025-03-17,SKU0028,DC_HN,0,0,0,171,0,23.24,203,0,Jacket,Nylon_Taffeta,Grey,extended,21.3,36
2025-03-17,SKU0030,DC_HN,0,0,0,545,0,64.22,630,387,Dress,Fleece,Sand,core,22.65,36
2025-03-24,SKU0003,DC_HCMC,0,0,0,56,0,6.8,56,122,Sweatpant,Poly_Spandex,Blue,core,19.86,24
2025-03-24,SKU0004,DC_HN,0,0,0,141,0,19.1,168,109,Tee,Ripstop,White,extended,14.15,36
2025-03-24,SKU0007,DC_CT,0,0,0,83,0,12.75,173,172,Dress,Cotton_Jersey,Navy,extended,18.67,24
2025-03-24,SKU0007,DC_DN,0,0,0,89,0,18.91,173,172,Dress,Cotton_Jersey,Navy,extended,18.67,24
2025-03-24,SKU0008,DC_HN,0,0,0,61,0,8.25,74,0,Hoodie,French_Terry,Sand,core,23.12,12
2025-03-24,SKU0009,DC_DN,0,0,0,71,0,14.05,77,0,Polo,Fleece,Sand,extended,14.71,24
2025-03-24,SKU0011,DC_HCMC,0,0,0,168,0,20.13,195,620,Short,Cotton_Jersey,Red,core,22.81,24
2025-03-24,SKU0012,DC_HN,0,0,0,45,0,5.55,53,0,Legging,Ripstop,Black,core,19.69,24
2025-03-24,SKU0013,DC_HCMC,0,0,0,31,0,3.74,37,39,Polo,Cotton_Jersey,White,core,17.4,24
2025-03-24,SKU0016,DC_HN,0,0,0,349,0,44.6,389,220,Jacket,Fleece,White,core,22.06,24
2025-03-24,SKU0020,DC_HCMC,0,0,0,137,0,15.73,143,29,Hoodie,Cotton_Jersey,Black,core,20.3,12
2025-03-24,SKU0021,DC_HN,0,0,0,50,0,6,52,117,Legging,Fleece,Olive,extended,19.03,24
2025-03-24,SKU0022,DC_HN,0,0,0,19,0,2.39,21,134,Dress,Ripstop,Grey,core,22.11,24
2025-03-24,SKU0024,DC_HCMC,0,0,0,111,0,12.67,125,0,Tee,Fleece,Black,core,6.06,36
2025-03-24,SKU0027,DC_HCMC,0,0,0,120,0,13.41,149,142,Sweatpant,Cotton_Jersey,Olive,core,11.34,24
2025-03-24,SKU0028,DC_CT,0,0,0,112,0,18.46,117,124,Jacket,Nylon_Taffeta,Grey,extended,21.3,36
2025-03-24,SKU0029,DC_DN,0,0,0,274,0,61.66,504,0,Tee,French_Terry,Olive,core,6,24
2025-03-24,SKU0029,DC_HCMC,0,0,0,174,0,19.51,504,0,Tee,French_Terry,Olive,core,6,24
2025-03-24,SKU0030,DC_HN,0,0,0,91,0,11.08,103,80,Dress,Fleece,Sand,core,22.65,36
2025-03-31,SKU0001,DC_DN,0,0,0,140,140,28.15,152,167,Dress,Poly_Spandex,Red,core,24.34,24
2025-03-31,SKU0002,DC_HCMC,0,0,0,227,227,28.81,695,0,Tee,Nylon_Taffeta,Red,extended,11.75,24
2025-03-31,SKU0002,DC_HN,0,0,0,70,0,9.64,695,0,Tee,Nylon_Taffeta,Red,extended,11.75,24
2025-03-31,SKU0003,DC_HCMC,0,0,0,46,46,5.35,53,193,Sweatpant,Poly_Spandex,Blue,core,19.86,24
2025-03-31,SKU0005,DC_HN,0,0,0,117,0,14.89,185,0,Legging,Nylon_Taffeta,Navy,core,25.08,12
2025-03-31,SKU0006,DC_HN,0,0,0,44,0,5.02,53,141,Jacket,French_Terry,White,core,25.25,36
2025-03-31,SKU0007,DC_HN,0,0,0,106,0,13.16,112,111,Dress,Cotton_Jersey,Navy,extended,18.67,24
2025-03-31,SKU0009,DC_HCMC,0,0,0,293,293,37.44,287,0,Polo,Fleece,Sand,extended,14.71,24
2025-03-31,SKU0013,DC_HN,0,0,0,385,0,45.6,408,0,Polo,Cotton_Jersey,White,core,17.4,24
2025-03-31,SKU0018,DC_HCMC,0,0,0,218,218,26.91,603,519,Tee,Poly_Spandex,Black,extended,7.01,24
2025-03-31,SKU0018,DC_HN,0,0,0,325,0,41.55,603,519,Tee,Poly_Spandex,Black,extended,7.01,24
2025-03-31,SKU0020,DC_HN,0,0,0,87,0,12.09,97,0,Hoodie,Cotton_Jersey,Black,core,20.3,12
2025-03-31,SKU0021,DC_HN,0,0,0,101,0,12.24,110,146,Legging,Fleece,Olive,extended,19.03,24
2025-03-31,SKU0022,DC_HCMC,0,0,0,25,25,2.79,25,496,Dress,Ripstop,Grey,core,22.11,24
2025-03-31,SKU0023,DC_HCMC,0,0,0,200,200,22.34,240,0,Tee,Fleece,Grey,core,13.1,24
2025-03-31,SKU0026,DC_HCMC,0,0,0,84,0,10.1,100,133,Jacket,Poly_Spandex,Red,core,26.19,24
2025-03-31,SKU0027,DC_DN,0,0,0,77,0,18.11,419,0,Sweatpant,Cotton_Jersey,Olive,core,11.34,24
2025-03-31,SKU0027,DC_HCMC,0,0,0,118,118,13.45,419,0,Sweatpant,Cotton_Jersey,Olive,core,11.34,24
2025-03-31,SKU0027,DC_HN,0,0,0,182,0,22.09,419,0,Sweatpant,Cotton_Jersey,Olive,core,11.34,24
2025-04-07,SKU0003,DC_DN,0,0,0,117,0,22.45,294,0,Sweatpant,Poly_Spandex,Blue,core,19.86,24
2025-04-07,SKU0003,DC_HN,0,0,0,175,0,22.43,294,0,Sweatpant,Poly_Spandex,Blue,core,19.86,24
2025-04-07,SKU0007,DC_CT,0,0,0,43,0,5.83,163,55,Dress,Cotton_Jersey,Navy,extended,18.67,24
2025-04-07,SKU0007,DC_HCMC,0,0,0,69,0,8.05,163,55,Dress,Cotton_Jersey,Navy,extended,18.67,24
2025-04-07,SKU0009,DC_HN,0,0,0,80,80,10.28,79,0,Polo,Fleece,Sand,extended,14.71,24
2025-04-07,SKU0010,DC_HN,0,0,0,139,0,17.05,171,332,Short,Cotton_Jersey,White,core,29.47,24
2025-04-07,SKU0011,DC_HCMC,0,0,0,658,0,68.78,814,290,Short,Cotton_Jersey,Red,core,22.81,24
2025-04-07,SKU0011,DC_HN,0,0,0,73,73,9.84,814,290,Short,Cotton_Jersey,Red,core,22.81,24
2025-04-07,SKU0014,DC_CT,0,0,0,54,0,7.44,68,248,Dress,Cotton_Jersey,Olive,core,22.79,24
2025-04-07,SKU0016,DC_DN,0,0,0,192,0,38.79,327,100,Jacket,Fleece,White,core,22.06,24
2025-04-07,SKU0016,DC_HCMC,0,0,0,100,0,12.61,327,100,Jacket,Fleece,White,core,22.06,24
2025-04-07,SKU0018,DC_CT,0,0,0,44,0,7.14,52,0,Tee,Poly_Spandex,Black,extended,7.01,24
2025-04-07,SKU0019,DC_HN,0,0,0,146,0,19.5,150,0,Hoodie,Fleece,Blue,extended,20.22,24
2025-04-07,SKU0021,DC_HN,0,0,0,115,0,16.01,114,283,Legging,Fleece,Olive,extended,19.03,24
2025-04-07,SKU0023,DC_CT,0,0,0,114,0,15.9,113,70,Tee,Fleece,Grey,core,13.1,24
2025-04-07,SKU0025,DC_HCMC,0,0,0,251,0,28.01,262,434,Short,Poly_Spandex,Navy,core,25.18,36
2025-04-07,SKU0026,DC_HCMC,0,0,0,43,0,5.27,290,207,Jacket,Poly_Spandex,Red,core,26.19,24
2025-04-07,SKU0026,DC_HN,0,0,0,129,0,16.29,290,207,Jacket,Poly_Spandex,Red,core,26.19,24
2025-04-07,SKU0030,DC_HCMC,0,0,0,56,0,7.15,70,88,Dress,Fleece,Sand,core,22.65,36
2025-04-14,SKU0004,DC_CT,0,0,0,88,0,12,501,434,Tee,Ripstop,White,extended,14.15,36
2025-04-14,SKU0004,DC_DN,0,0,0,202,0,40.47,501,434,Tee,Ripstop,White,extended,14.15,36
2025-04-14,SKU0004,DC_HN,0,0,0,152,0,19.56,501,434,Tee,Ripstop,White,extended,14.15,36
2025-04-14,SKU0005,DC_HN,0,0,0,88,88,12.37,105,109,Legging,Nylon_Taffeta,Navy,core,25.08,12
2025-04-14,SKU0006,DC_CT,0,0,0,37,0,6.03,100,210,Jacket,French_Terry,White,core,25.25,36
2025-04-14,SKU0006,DC_HCMC,0,0,0,54,0,6.89,100,210,Jacket,French_Terry,White,core,25.25,36
2025-04-14,SKU0007,DC_HCMC,0,0,0,45,0,4.98,147,0,Dress,Cotton_Jersey,Navy,extended,18.67,24
2025-04-14,SKU0010,DC_HN,0,0,0,150,150,18.84,171,0,Short,Cotton_Jersey,White,core,29.47,24
2025-04-14,SKU0011,DC_DN,0,0,0,164,0,32.83,161,0,Short,Cotton_Jersey,Red,core,22.81,24
2025-04-14,SKU0013,DC_DN,0,0,0,50,0,10.97,61,902,Polo,Cotton_Jersey,White,core,17.4,24
2025-04-14,SKU0016,DC_CT,0,0,0,80,0,11.13,91,0,Jacket,Fleece,White,core,22.06,24
2025-04-14,SKU0018,DC_HCMC,0,0,0,303,0,38.07,318,278,Tee,Poly_Spandex,Black,extended,7.01,24
2025-04-14,SKU0019,DC_CT,0,0,0,94,0,15.19,219,124,Hoodie,Fleece,Blue,extended,20.22,24
2025-04-14,SKU0019,DC_HCMC,0,0,0,90,0,10.71,219,124,Hoodie,Fleece,Blue,extended,20.22,24
2025-04-14,SKU0021,DC_DN,0,0,0,124,0,24.91,128,0,Legging,Fleece,Olive,extended,19.03,24
2025-04-14,SKU0023,DC_HCMC,0,0,0,62,0,7.57,64,239,Tee,Fleece,Grey,core,13.1,24
2025-04-14,SKU0025,DC_DN,0,0,0,135,0,31.07,159,0,Short,Poly_Spandex,Navy,core,25.18,36
2025-04-14,SKU0027,DC_HN,0,0,0,94,94,12.28,103,334,Sweatpant,Cotton_Jersey,Olive,core,11.34,24
2025-04-14,SKU0029,DC_HCMC,0,0,0,467,0,51.55,458,283,Tee,French_Terry,Olive,core,6,24
2025-04-21,SKU0001,DC_HN,0,0,0,206,206,26.01,213,235,Dress,Poly_Spandex,Red,core,24.34,24
2025-04-21,SKU0004,DC_HCMC,0,0,0,322,0,41.27,388,0,Tee,Ripstop,White,extended,14.15,36
2025-04-21,SKU0005,DC_DN,0,0,0,94,0,19.68,103,399,Legging,Nylon_Taffeta,Navy,core,25.08,12
2025-04-21,SKU0008,DC_HN,0,0,0,128,128,17.12,154,0,Hoodie,French_Terry,Sand,core,23.12,12
2025-04-21,SKU0010,DC_DN,0,0,0,119,0,24.5,133,195,Short,Cotton_Jersey,White,core,29.47,24
2025-04-21,SKU0013,DC_DN,0,0,0,522,0,121.56,921,269,Polo,Cotton_Jersey,White,core,17.4,24
2025-04-21,SKU0013,DC_HN,0,0,0,292,292,40.02,921,269,Polo,Cotton_Jersey,White,core,17.4,24
2025-04-21,SKU0014,DC_HCMC,0,0,0,349,0,41.81,422,0,Dress,Cotton_Jersey,Olive,core,22.79,24
2025-04-21,SKU0018,DC_HCMC,0,0,0,218,0,22.96,263,236,Tee,Poly_Spandex,Black,extended,7.01,24
2025-04-21,SKU0020,DC_DN,0,0,0,65,0,13.55,77,423,Hoodie,Cotton_Jersey,Black,core,20.3,12
2025-04-21,SKU0022,DC_DN,0,0,0,66,0,13.74,77,0,Dress,Ripstop,Grey,core,22.11,24
2025-04-21,SKU0025,DC_CT,0,0,0,87,0,13.25,360,235,Short,Poly_Spandex,Navy,core,25.18,36
2025-04-21,SKU0026,DC_CT,0,0,0,116,0,18.38,122,306,Jacket,Poly_Spandex,Red,core,26.19,24
2025-04-21,SKU0027,DC_HN,0,0,0,267,267,32.61,313,0,Sweatpant,Cotton_Jersey,Olive,core,11.34,24
2025-04-21,SKU0028,DC_CT,0,0,0,60,0,8.89,160,0,Jacket,Nylon_Taffeta,Grey,extended,21.3,36
2025-04-21,SKU0029,DC_DN,0,0,0,175,0,37.56,433,0,Tee,French_Terry,Olive,core,6,24
2025-04-21,SKU0029,DC_HCMC,0,0,0,207,0,24.82,433,0,Tee,French_Terry,Olive,core,6,24
2025-04-21,SKU0030,DC_DN,0,0,0,38,0,7.22,126,76,Dress,Fleece,Sand,core,22.65,36
2025-04-28,SKU0001,DC_HCMC,0,0,0,104,0,12.42,105,89,Dress,Poly_Spandex,Red,core,24.34,24
2025-04-28,SKU0002,DC_DN,0,0,0,197,197,41.06,192,368,Tee,Nylon_Taffeta,Red,extended,11.75,24
2025-04-28,SKU0006,DC_CT,0,0,0,66,0,10.48,381,183,Jacket,French_Terry,White,core,25.25,36
2025-04-28,SKU0006,DC_HCMC,0,0,0,108,0,13.98,381,183,Jacket,French_Terry,White,core,25.25,36
2025-04-28,SKU0006,DC_HN,0,0,0,112,0,15.63,381,183,Jacket,French_Terry,White,core,25.25,36
2025-04-28,SKU0007,DC_HN,0,0,0,39,0,5.48,105,126,Dress,Cotton_Jersey,Navy,extended,18.67,24
2025-04-28,SKU0008,DC_DN,0,0,0,72,72,16.05,72,0,Hoodie,French_Terry,Sand,core,23.12,12
2025-04-28,SKU0009,DC_HCMC,0,0,0,355,0,43,418,0,Polo,Fleece,Sand,extended,14.71,24
2025-04-28,SKU0011,DC_HN,0,0,0,399,399,52.44,415,384,Short,Cotton_Jersey,Red,core,22.81,24
2025-04-28,SKU0012,DC_CT,0,0,0,172,0,23.39,259,308,Legging,Ripstop,Black,core,19.69,24
2025-04-28,SKU0012,DC_HN,0,0,0,78,0,8.92,259,308,Legging,Ripstop,Black,core,19.69,24
2025-04-28,SKU0013,DC_CT,0,0,0,229,0,33.629999999999995,246,306,Polo,Cotton_Jersey,White,core,17.4,24
2025-04-28,SKU0015,DC_HCMC,0,0,0,135,0,15.31,131,310,Polo,French_Terry,White,core,20.18,24
2025-04-28,SKU0016,DC_DN,0,0,0,123,0,24.3,124,105,Jacket,Fleece,White,core,22.06,24
2025-04-28,SKU0017,DC_HN,0,0,0,117,0,16.32,128,97,Jacket,Cotton_Jersey,Grey,core,19.88,24
2025-04-28,SKU0018,DC_HCMC,0,0,0,175,0,22.1,389,0,Tee,Poly_Spandex,Black,extended,7.01,24
2025-04-28,SKU0018,DC_HN,0,0,0,175,0,23.91,389,0,Tee,Poly_Spandex,Black,extended,7.01,24
2025-04-28,SKU0020,DC_HN,0,0,0,495,0,68.62,775,0,Hoodie,Cotton_Jersey,Black,core,20.3,12
2025-04-28,SKU0024,DC_HN,0,0,0,138,0,18.01,164,249,Tee,Fleece,Black,core,6.06,36
2025-04-28,SKU0025,DC_CT,0,0,0,52,0,8.26,58,384,Short,Poly_Spandex,Navy,core,25.18,36
2025-04-28,SKU0028,DC_HCMC,0,0,0,63,63,7.49,128,89,Jacket,Nylon_Taffeta,Grey,extended,21.3,36
2025-04-28,SKU0029,DC_HN,0,0,0,255,0,30.7,309,73,Tee,French_Terry,Olive,core,6,24
2025-05-05,SKU0001,DC_HN,0,0,0,104,0,12.05,120,56,Dress,Poly_Spandex,Red,core,24.34,24
2025-05-05,SKU0002,DC_HN,0,0,0,310,0,42.39,356,169,Tee,Nylon_Taffeta,Red,extended,11.75,24
2025-05-05,SKU0003,DC_HN,0,0,0,121,0,15.33,177,147,Sweatpant,Poly_Spandex,Blue,core,19.86,24
2025-05-05,SKU0005,DC_HCMC,0,0,0,152,0,17.53,159,48,Legging,Nylon_Taffeta,Navy,core,25.08,12
2025-05-05,SKU0006,DC_HCMC,0,0,0,60,0,6.71,59,0,Jacket,French_Terry,White,core,25.25,36
2025-05-05,SKU0010,DC_HCMC,0,0,0,415,0,51.37,439,200,Short,Cotton_Jersey,White,core,29.47,24
2025-05-05,SKU0011,DC_CT,0,0,0,284,0,41.82,336,229,Short,Cotton_Jersey,Red,core,22.81,24
2025-05-05,SKU0012,DC_HCMC,0,0,0,266,0,27.96,611,350,Legging,Ripstop,Black,core,19.69,24
2025-05-05,SKU0012,DC_HN,0,0,0,289,0,37.53,611,350,Legging,Ripstop,Black,core,19.69,24
2025-05-05,SKU0020,DC_CT,0,0,0,48,0,7.1,53,125,Hoodie,Cotton_Jersey,Black,core,20.3,12
2025-05-05,SKU0023,DC_HCMC,0,0,0,192,0,23.95,227,0,Tee,Fleece,Grey,core,13.1,24
2025-05-05,SKU0024,DC_HCMC,0,0,0,154,0,16.49,167,227,Tee,Fleece,Black,core,6.06,36
2025-05-05,SKU0025,DC_HN,0,0,0,234,0,30.03,241,260,Short,Poly_Spandex,Navy,core,25.18,36
2025-05-05,SKU0026,DC_DN,0,0,0,131,131,28.88,153,0,Jacket,Poly_Spandex,Red,core,26.19,24
2025-05-05,SKU0030,DC_DN,0,0,0,64,64,13.9,70,93,Dress,Fleece,Sand,core,22.65,36
2025-05-12,SKU0004,DC_DN,0,0,0,186,0,35.87,449,155,Tee,Ripstop,White,extended,14.15,36
2025-05-12,SKU0004,DC_HCMC,0,0,0,179,0,23.17,449,155,Tee,Ripstop,White,extended,14.15,36
2025-05-12,SKU0007,DC_HCMC,0,0,0,119,0,15.35,119,128,Dress,Cotton_Jersey,Navy,extended,18.67,24
2025-05-12,SKU0010,DC_CT,0,0,0,284,284,43.71,331,133,Short,Cotton_Jersey,White,core,29.47,24
2025-05-12,SKU0011,DC_HN,0,0,0,471,471,58.269999999999996,569,281,Short,Cotton_Jersey,Red,core,22.81,24
2025-05-12,SKU0012,DC_HCMC,0,0,0,57,0,6.55,63,0,Legging,Ripstop,Black,core,19.69,24
2025-05-12,SKU0016,DC_DN,0,0,0,101,0,22.53,100,351,Jacket,Fleece,White,core,22.06,24
2025-05-12,SKU0020,DC_HN,0,0,0,101,0,12.47,112,203,Hoodie,Cotton_Jersey,Black,core,20.3,12
2025-05-12,SKU0021,DC_DN,0,0,0,98,0,21.47,288,0,Legging,Fleece,Olive,extended,19.03,24
2025-05-12,SKU0021,DC_HN,0,0,0,148,0,19.89,288,0,Legging,Fleece,Olive,extended,19.03,24
2025-05-12,SKU0022,DC_HCMC,0,0,0,116,0,14.14,123,74,Dress,Ripstop,Grey,core,22.11,24
2025-05-12,SKU0024,DC_HCMC,0,0,0,187,0,23.81,212,0,Tee,Fleece,Black,core,6.06,36
2025-05-12,SKU0025,DC_DN,0,0,0,168,0,35.63,164,348,Short,Poly_Spandex,Navy,core,25.18,36
2025-05-12,SKU0027,DC_DN,0,0,0,101,0,20.29,116,215,Sweatpant,Cotton_Jersey,Olive,core,11.34,24
2025-05-12,SKU0028,DC_HN,0,0,0,145,0,18.92,161,443,Jacket,Nylon_Taffeta,Grey,extended,21.3,36
2025-05-12,SKU0029,DC_HCMC,0,0,0,55,0,7.07,65,0,Tee,French_Terry,Olive,core,6,24
2025-05-19,SKU0005,DC_CT,0,0,0,115,0,16.01,122,259,Legging,Nylon_Taffeta,Navy,core,25.08,12
2025-05-19,SKU0014,DC_HN,0,0,0,246,0,29.97,303,246,Dress,Cotton_Jersey,Olive,core,22.79,24
2025-05-19,SKU0016,DC_HN,0,0,0,295,295,34.99,338,108,Jacket,Fleece,White,core,22.06,24
2025-05-19,SKU0017,DC_HCMC,0,0,0,74,0,8.28,226,0,Jacket,Cotton_Jersey,Grey,core,19.88,24
2025-05-19,SKU0018,DC_HCMC,0,0,0,163,0,19.47,171,189,Tee,Poly_Spandex,Black,extended,7.01,24
2025-05-19,SKU0020,DC_CT,0,0,0,179,0,24.66,182,101,Hoodie,Cotton_Jersey,Black,core,20.3,12
2025-05-19,SKU0022,DC_HCMC,0,0,0,114,0,12.01,142,0,Dress,Ripstop,Grey,core,22.11,24
2025-05-19,SKU0023,DC_HN,0,0,0,92,92,12,90,0,Tee,Fleece,Grey,core,13.1,24
2025-05-19,SKU0025,DC_HCMC,0,0,0,263,0,32.05,495,0,Short,Poly_Spandex,Navy,core,25.18,36
2025-05-19,SKU0025,DC_HN,0,0,0,174,0,22.56,495,0,Short,Poly_Spandex,Navy,core,25.18,36
2025-05-19,SKU0028,DC_DN,0,0,0,67,0,13.29,306,76,Jacket,Nylon_Taffeta,Grey,extended,21.3,36
2025-05-19,SKU0028,DC_HN,0,0,0,139,0,16.66,306,76,Jacket,Nylon_Taffeta,Grey,extended,21.3,36
2025-05-19,SKU0030,DC_CT,0,0,0,73,0,10.94,238,0,Dress,Fleece,Sand,core,22.65,36
2025-05-19,SKU0030,DC_HCMC,0,0,0,124,0,13.66,238,0,Dress,Fleece,Sand,core,22.65,36
2025-05-26,SKU0001,DC_CT,0,0,0,80,0,10.68,168,237,Dress,Poly_Spandex,Red,core,24.34,24
2025-05-26,SKU0001,DC_HCMC,0,0,0,55,0,5.92,168,237,Dress,Poly_Spandex,Red,core,24.34,24
2025-05-26,SKU0001,DC_HN,0,0,0,28,0,3.37,168,237,Dress,Poly_Spandex,Red,core,24.34,24
2025-05-26,SKU0002,DC_HCMC,0,0,0,106,0,12.44,350,132,Tee,Nylon_Taffeta,Red,extended,11.75,24
2025-05-26,SKU0002,DC_HN,0,0,0,194,0,24.72,350,132,Tee,Nylon_Taffeta,Red,extended,11.75,24
2025-05-26,SKU0003,DC_HCMC,0,0,0,66,0,7.37,174,0,Sweatpant,Poly_Spandex,Blue,core,19.86,24
2025-05-26,SKU0003,DC_HN,0,0,0,83,0,10.67,174,0,Sweatpant,Poly_Spandex,Blue,core,19.86,24
2025-05-26,SKU0005,DC_DN,0,0,0,97,0,22.14,147,0,Legging,Nylon_Taffeta,Navy,core,25.08,12
2025-05-26,SKU0005,DC_HCMC,0,0,0,32,0,3.7,147,0,Legging,Nylon_Taffeta,Navy,core,25.08,12
2025-05-26,SKU0006,DC_HN,0,0,0,85,0,10.94,88,51,Jacket,French_Terry,White,core,25.25,36
2025-05-26,SKU0009,DC_HCMC,0,0,0,33,0,3.87,38,70,Polo,Fleece,Sand,extended,14.71,24
2025-05-26,SKU0010,DC_CT,0,0,0,401,0,58.04,509,429,Short,Cotton_Jersey,White,core,29.47,24
2025-05-26,SKU0010,DC_HCMC,0,0,0,90,0,11.62,509,429,Short,Cotton_Jersey,White,core,29.47,24
2025-05-26,SKU0011,DC_CT,0,0,0,152,0,25.06,252,0,Short,Cotton_Jersey,Red,core,22.81,24
2025-05-26,SKU0011,DC_HCMC,0,0,0,55,0,6.85,252,0,Short,Cotton_Jersey,Red,core,22.81,24
2025-05-26,SKU0013,DC_HCMC,0,0,0,130,0,14.64,143,129,Polo,Cotton_Jersey,White,core,17.4,24
2025-05-26,SKU0016,DC_HN,0,0,0,172,0,21.62,186,307,Jacket,Fleece,White,core,22.06,24
2025-05-26,SKU0018,DC_CT,0,0,0,162,0,26.24,469,275,Tee,Poly_Spandex,Black,extended,7.01,24
2025-05-26,SKU0018,DC_DN,0,0,0,96,0,18.73,469,275,Tee,Poly_Spandex,Black,extended,7.01,24
2025-05-26,SKU0018,DC_HCMC,0,0,0,157,0,17.86,469,275,Tee,Poly_Spandex,Black,extended,7.01,24
2025-05-26,SKU0019,DC_HCMC,0,0,0,124,0,14.62,141,0,Hoodie,Fleece,Blue,extended,20.22,24
2025-05-26,SKU0021,DC_DN,0,0,0,120,0,26.01,135,0,Legging,Fleece,Olive,extended,19.03,24
2025-05-26,SKU0022,DC_HCMC,0,0,0,61,0,6.61,70,70,Dress,Ripstop,Grey,core,22.11,24
2025-05-26,SKU0024,DC_HN,0,0,0,124,0,14.51,149,0,Tee,Fleece,Black,core,6.06,36
2025-05-26,SKU0025,DC_HN,0,0,0,201,0,25.29,381,342,Short,Poly_Spandex,Navy,core,25.18,36
2025-05-26,SKU0027,DC_HN,0,0,0,189,0,21.6,202,317,Sweatpant,Cotton_Jersey,Olive,core,11.34,24
2025-05-26,SKU0028,DC_DN,0,0,0,126,0,26.65,302,289,Jacket,Nylon_Taffeta,Grey,extended,21.3,36
2025-05-26,SKU0028,DC_HCMC,0,0,0,152,0,16.62,302,289,Jacket,Nylon_Taffeta,Grey,extended,21.3,36
2025-06-02,SKU0001,DC_HN,0,0,0,117,0,13.4,145,57,Dress,Poly_Spandex,Red,core,24.34,24
2025-06-02,SKU0003,DC_HCMC,0,0,0,127,127,14.65,129,137,Sweatpant,Poly_Spandex,Blue,core,19.86,24
2025-06-02,SKU0006,DC_HN,0,0,0,39,0,4.68,47,0,Jacket,French_Terry,White,core,25.25,36
2025-06-02,SKU0007,DC_HN,0,0,0,99,0,12.77,122,35,Dress,Cotton_Jersey,Navy,extended,18.67,24
2025-06-02,SKU0008,DC_HN,0,0,0,32,0,4.02,37,0,Hoodie,French_Terry,Sand,core,23.12,12
2025-06-02,SKU0009,DC_DN,0,0,0,361,0,72.3,1231,637,Polo,Fleece,Sand,extended,14.71,24
2025-06-02,SKU0009,DC_HCMC,0,0,0,713,713,78.86,1231,637,Polo,Fleece,Sand,extended,14.71,24
2025-06-02,SKU0012,DC_DN,0,0,0,110,0,25.48,118,130,Legging,Ripstop,Black,core,19.69,24
2025-06-02,SKU0014,DC_HN,0,0,0,233,0,29.01,236,164,Dress,Cotton_Jersey,Olive,core,22.79,24
2025-06-02,SKU0015,DC_HN,0,0,0,98,0,12.33,97,0,Polo,French_Terry,White,core,20.18,24
2025-06-02,SKU0017,DC_HCMC,0,0,0,72,72,8.87,81,0,Jacket,Cotton_Jersey,Grey,core,19.88,24
2025-06-02,SKU0018,DC_HN,0,0,0,186,0,21.75,191,0,Tee,Poly_Spandex,Black,extended,7.01,24
2025-06-02,SKU0020,DC_HCMC,0,0,0,80,0,8.75,97,0,Hoodie,Cotton_Jersey,Black,core,20.3,12
2025-06-02,SKU0023,DC_HCMC,0,0,0,397,0,46.11,448,120,Tee,Fleece,Grey,core,13.1,24
2025-06-02,SKU0026,DC_HCMC,0,0,0,71,71,9.11,84,76,Jacket,Poly_Spandex,Red,core,26.19,24
2025-06-02,SKU0027,DC_HCMC,0,0,0,113,0,12.57,197,0,Sweatpant,Cotton_Jersey,Olive,core,11.34,24
2025-06-02,SKU0027,DC_HN,0,0,0,76,0,9.31,197,0,Sweatpant,Cotton_Jersey,Olive,core,11.34,24
2025-06-02,SKU0028,DC_HCMC,0,0,0,194,194,23.97,213,0,Jacket,Nylon_Taffeta,Grey,extended,21.3,36
2025-06-09,SKU0001,DC_HN,0,0,0,57,0,7.15,66,0,Dress,Poly_Spandex,Red,core,24.34,24
2025-06-09,SKU0002,DC_HN,0,0,0,170,0,21.77,177,83,Tee,Nylon_Taffeta,Red,extended,11.75,24
2025-06-09,SKU0004,DC_CT,0,0,0,59,0,8.89,600,225,Tee,Ripstop,White,extended,14.15,36
2025-06-09,SKU0004,DC_DN,0,0,0,197,197,39.11,600,225,Tee,Ripstop,White,extended,14.15,36
2025-06-09,SKU0004,DC_HN,0,0,0,315,0,36.64,600,225,Tee,Ripstop,White,extended,14.15,36
2025-06-09,SKU0007,DC_HCMC,0,0,0,36,36,4.14,41,192,Dress,Cotton_Jersey,Navy,extended,18.67,24
2025-06-09,SKU0009,DC_HCMC,0,0,0,149,149,16.02,221,921,Polo,Fleece,Sand,extended,14.71,24
2025-06-09,SKU0009,DC_HN,0,0,0,68,0,8.48,221,921,Polo,Fleece,Sand,extended,14.71,24
2025-06-09,SKU0010,DC_HCMC,0,0,0,93,0,11.51,93,191,Short,Cotton_Jersey,White,core,29.47,24
2025-06-09,SKU0011,DC_DN,0,0,0,211,211,42.39,247,0,Short,Cotton_Jersey,Red,core,22.81,24
2025-06-09,SKU0014,DC_HCMC,0,0,0,66,66,7.79,66,0,Dress,Cotton_Jersey,Olive,core,22.79,24
2025-06-09,SKU0015,DC_HN,0,0,0,172,0,19.76,188,200,Polo,French_Terry,White,core,20.18,24
2025-06-09,SKU0016,DC_DN,0,0,0,81,81,18.6,91,210,Jacket,Fleece,White,core,22.06,24
2025-06-09,SKU0019,DC_HCMC,0,0,0,310,310,34.19,364,210,Hoodie,Fleece,Blue,extended,20.22,24
2025-06-09,SKU0021,DC_CT,0,0,0,162,0,21.87,199,94,Legging,Fleece,Olive,extended,19.03,24
2025-06-09,SKU0025,DC_HN,0,0,0,339,0,40.75,396,290,Short,Poly_Spandex,Navy,core,25.18,36
2025-06-09,SKU0026,DC_DN,0,0,0,66,66,15.07,70,346,Jacket,Poly_Spandex,Red,core,26.19,24
2025-06-09,SKU0028,DC_DN,0,0,0,90,90,20.57,95,0,Jacket,Nylon_Taffeta,Grey,extended,21.3,36
2025-06-09,SKU0029,DC_DN,0,0,0,165,165,37.93,218,0,Tee,French_Terry,Olive,core,6,24
2025-06-09,SKU0029,DC_HCMC,0,0,0,56,56,6.03,218,0,Tee,French_Terry,Olive,core,6,24
2025-06-09,SKU0030,DC_HCMC,0,0,0,31,31,3.71,36,0,Dress,Fleece,Sand,core,22.65,36
2025-06-16,SKU0001,DC_HCMC,0,0,0,55,55,6.51,55,184,Dress,Poly_Spandex,Red,core,24.34,24
2025-06-16,SKU0002,DC_CT,0,0,0,65,65,9.49,177,0,Tee,Nylon_Taffeta,Red,extended,11.75,24
2025-06-16,SKU0002,DC_HCMC,0,0,0,29,29,3.71,177,0,Tee,Nylon_Taffeta,Red,extended,11.75,24
2025-06-16,SKU0002,DC_HN,0,0,0,58,0,7.32,177,0,Tee,Nylon_Taffeta,Red,extended,11.75,24
2025-06-16,SKU0004,DC_HN,0,0,0,61,61,7.33,71,73,Tee,Ripstop,White,extended,14.15,36
2025-06-16,SKU0007,DC_DN,0,0,0,36,0,8.15,137,308,Dress,Cotton_Jersey,Navy,extended,18.67,24
2025-06-16,SKU0007,DC_HCMC,0,0,0,78,78,9.01,137,308,Dress,Cotton_Jersey,Navy,extended,18.67,24
2025-06-16,SKU0010,DC_HCMC,0,0,0,269,269,28.17,263,0,Short,Cotton_Jersey,White,core,29.47,24
2025-06-16,SKU0013,DC_DN,0,0,0,163,0,31.2,173,566,Polo,Cotton_Jersey,White,core,17.4,24
2025-06-16,SKU0014,DC_HCMC,0,0,0,86,86,9.85,92,0,Dress,Cotton_Jersey,Olive,core,22.79,24
2025-06-16,SKU0016,DC_DN,0,0,0,208,0,42.39,301,473,Jacket,Fleece,White,core,22.06,24
2025-06-16,SKU0016,DC_HN,0,0,0,91,0,11.01,301,473,Jacket,Fleece,White,core,22.06,24
2025-06-16,SKU0019,DC_DN,0,0,0,81,0,17.63,83,142,Hoodie,Fleece,Blue,extended,20.22,24
2025-06-16,SKU0021,DC_HCMC,0,0,0,42,42,4.78,232,344,Legging,Fleece,Olive,extended,19.03,24
2025-06-16,SKU0021,DC_HN,0,0,0,189,0,24.02,232,344,Legging,Fleece,Olive,extended,19.03,24
2025-06-16,SKU0023,DC_HCMC,0,0,0,107,0,12.17,108,188,Tee,Fleece,Grey,core,13.1,24
2025-06-16,SKU0027,DC_CT,0,0,0,41,41,5.54,132,124,Sweatpant,Cotton_Jersey,Olive,core,11.34,24
2025-06-16,SKU0027,DC_HN,0,0,0,70,0,9.76,132,124,Sweatpant,Cotton_Jersey,Olive,core,11.34,24
2025-06-16,SKU0030,DC_HCMC,0,0,0,221,0,27.3,246,146,Dress,Fleece,Sand,core,22.65,36
2025-06-23,SKU0004,DC_HCMC,0,0,0,198,0,23.38,200,0,Tee,Ripstop,White,extended,14.15,36
2025-06-23,SKU0006,DC_HN,0,0,0,171,0,22.28,194,90,Jacket,French_Terry,White,core,25.25,36
2025-06-23,SKU0007,DC_HN,0,0,0,141,0,17.849999999999998,163,103,Dress,Cotton_Jersey,Navy,extended,18.67,24
2025-06-23,SKU0008,DC_HCMC,0,0,0,102,0,11.7,108,0,Hoodie,French_Terry,Sand,core,23.12,12
2025-06-23,SKU0009,DC_DN,0,0,0,28,0,5.79,122,456,Polo,Fleece,Sand,extended,14.71,24
2025-06-23,SKU0009,DC_HN,0,0,0,76,0,8.9,122,456,Polo,Fleece,Sand,extended,14.71,24
2025-06-23,SKU0010,DC_HN,0,0,0,195,0,27.58,206,481,Short,Cotton_Jersey,White,core,29.47,24
2025-06-23,SKU0012,DC_HCMC,0,0,0,81,0,10.28,100,231,Legging,Ripstop,Black,core,19.69,24
2025-06-23,SKU0013,DC_HCMC,0,0,0,77,0,9.42,189,0,Polo,Cotton_Jersey,White,core,17.4,24
2025-06-23,SKU0013,DC_HN,0,0,0,89,0,11.41,189,0,Polo,Cotton_Jersey,White,core,17.4,24
2025-06-23,SKU0014,DC_HN,0,0,0,125,0,14.65,122,66,Dress,Cotton_Jersey,Olive,core,22.79,24
2025-06-23,SKU0016,DC_DN,0,0,0,361,0,84.72,402,148,Jacket,Fleece,White,core,22.06,24
2025-06-23,SKU0019,DC_HCMC,0,0,0,124,0,15.64,194,34,Hoodie,Fleece,Blue,extended,20.22,24
2025-06-23,SKU0019,DC_HN,0,0,0,37,0,5.17,194,34,Hoodie,Fleece,Blue,extended,20.22,24
2025-06-23,SKU0021,DC_HCMC,0,0,0,74,0,9.01,80,147,Legging,Fleece,Olive,extended,19.03,24
2025-06-23,SKU0024,DC_HCMC,0,0,0,141,0,16.7,165,201,Tee,Fleece,Black,core,6.06,36
2025-06-23,SKU0025,DC_DN,0,0,0,86,0,17.07,196,144,Short,Poly_Spandex,Navy,core,25.18,36
2025-06-23,SKU0025,DC_HCMC,0,0,0,75,0,9.21,196,144,Short,Poly_Spandex,Navy,core,25.18,36
2025-06-23,SKU0026,DC_HN,0,0,0,267,0,30.52,457,41,Jacket,Poly_Spandex,Red,core,26.19,24
2025-06-23,SKU0027,DC_HN,0,0,0,137,0,17.72,139,306,Sweatpant,Cotton_Jersey,Olive,core,11.34,24
2025-06-23,SKU0030,DC_HCMC,0,0,0,114,0,12.17,133,122,Dress,Fleece,Sand,core,22.65,36
2025-06-30,SKU0001,DC_HN,0,0,0,39,39,4.95,46,0,Dress,Poly_Spandex,Red,core,24.34,24
2025-06-30,SKU0002,DC_HCMC,0,0,0,67,0,7.83,78,607,Tee,Nylon_Taffeta,Red,extended,11.75,24
2025-06-30,SKU0004,DC_CT,0,0,0,57,0,9.2,66,250,Tee,Ripstop,White,extended,14.15,36
2025-06-30,SKU0006,DC_CT,0,0,0,88,0,11.81,179,0,Jacket,French_Terry,White,core,25.25,36
2025-06-30,SKU0006,DC_HN,0,0,0,76,76,10.03,179,0,Jacket,French_Terry,White,core,25.25,36
2025-06-30,SKU0007,DC_DN,0,0,0,141,0,31.68,295,77,Dress,Cotton_Jersey,Navy,extended,18.67,24
2025-06-30,SKU0007,DC_HCMC,0,0,0,105,0,11.59,295,77,Dress,Cotton_Jersey,Navy,extended,18.67,24
2025-06-30,SKU0010,DC_HN,0,0,0,206,206,26.03,234,0,Short,Cotton_Jersey,White,core,29.47,24
2025-06-30,SKU0012,DC_CT,0,0,0,170,0,24.71,208,0,Legging,Ripstop,Black,core,19.69,24
2025-06-30,SKU0016,DC_CT,0,0,0,80,0,13.2,94,73,Jacket,Fleece,White,core,22.06,24
2025-06-30,SKU0019,DC_HCMC,0,0,0,123,0,13.77,167,0,Hoodie,Fleece,Blue,extended,20.22,24
2025-06-30,SKU0020,DC_HCMC,0,0,0,137,0,16.37,137,232,Hoodie,Cotton_Jersey,Black,core,20.3,12
2025-06-30,SKU0021,DC_DN,0,0,0,77,0,14.72,422,272,Legging,Fleece,Olive,extended,19.03,24
2025-06-30,SKU0021,DC_HCMC,0,0,0,210,0,24.06,422,272,Legging,Fleece,Olive,extended,19.03,24
2025-06-30,SKU0021,DC_HN,0,0,0,74,74,9.54,422,272,Legging,Fleece,Olive,extended,19.03,24
2025-06-30,SKU0022,DC_HCMC,0,0,0,107,0,13.06,106,364,Dress,Ripstop,Grey,core,22.11,24
2025-06-30,SKU0023,DC_DN,0,0,0,76,0,16.54,338,118,Tee,Fleece,Grey,core,13.1,24
2025-06-30,SKU0023,DC_HCMC,0,0,0,239,0,26.61,338,118,Tee,Fleece,Grey,core,13.1,24
2025-06-30,SKU0027,DC_HN,0,0,0,65,65,8.82,71,0,Sweatpant,Cotton_Jersey,Olive,core,11.34,24
2025-06-30,SKU0028,DC_HN,0,0,0,38,38,4.95,41,36,Jacket,Nylon_Taffeta,Grey,extended,21.3,36
2025-06-30,SKU0030,DC_DN,0,0,0,106,0,23.76,110,96,Dress,Fleece,Sand,core,22.65,36
2025-07-07,SKU0001,DC_HN,0,0,0,94,0,10.88,108,0,Dress,Poly_Spandex,Red,core,24.34,24
2025-07-07,SKU0002,DC_HCMC,0,0,0,145,145,15.94,356,0,Tee,Nylon_Taffeta,Red,extended,11.75,24
2025-07-07,SKU0002,DC_HN,0,0,0,164,0,22.43,356,0,Tee,Nylon_Taffeta,Red,extended,11.75,24
2025-07-07,SKU0003,DC_HCMC,0,0,0,37,0,3.91,42,0,Sweatpant,Poly_Spandex,Blue,core,19.86,24
2025-07-07,SKU0004,DC_HCMC,0,0,0,224,0,24.6,230,0,Tee,Ripstop,White,extended,14.15,36
2025-07-07,SKU0009,DC_DN,0,0,0,269,269,59.41,409,0,Polo,Fleece,Sand,extended,14.71,24
2025-07-07,SKU0009,DC_HCMC,0,0,0,134,0,16.7,409,0,Polo,Fleece,Sand,extended,14.71,24
2025-07-07,SKU0013,DC_HN,0,0,0,242,0,28.68,248,0,Polo,Cotton_Jersey,White,core,17.4,24
2025-07-07,SKU0014,DC_HN,0,0,0,57,0,6.88,59,0,Dress,Cotton_Jersey,Olive,core,22.79,24
2025-07-07,SKU0015,DC_HN,0,0,0,275,0,33.94,432,210,Polo,French_Terry,White,core,20.18,24
2025-07-07,SKU0018,DC_CT,0,0,0,110,0,18.11,305,0,Tee,Poly_Spandex,Black,extended,7.01,24
2025-07-07,SKU0018,DC_HN,0,0,0,156,156,17.96,305,0,Tee,Poly_Spandex,Black,extended,7.01,24
2025-07-07,SKU0020,DC_HN,0,0,0,84,0,9.99,162,0,Hoodie,Cotton_Jersey,Black,core,20.3,12
2025-07-07,SKU0021,DC_HN,0,0,0,261,0,30.66,276,0,Legging,Fleece,Olive,extended,19.03,24
2025-07-07,SKU0022,DC_HCMC,0,0,0,123,0,14.93,319,0,Dress,Ripstop,Grey,core,22.11,24
2025-07-07,SKU0022,DC_HN,0,0,0,177,177,23.35,319,0,Dress,Ripstop,Grey,core,22.11,24
2025-07-07,SKU0023,DC_HN,0,0,0,109,109,15.36,109,0,Tee,Fleece,Grey,core,13.1,24
2025-07-07,SKU0024,DC_CT,0,0,0,101,0,16.47,122,0,Tee,Fleece,Black,core,6.06,36
2025-07-07,SKU0025,DC_CT,0,0,0,93,0,14.75,222,0,Short,Poly_Spandex,Navy,core,25.18,36
2025-07-07,SKU0025,DC_HCMC,0,0,0,132,0,15.39,222,0,Short,Poly_Spandex,Navy,core,25.18,36
2025-07-07,SKU0026,DC_DN,0,0,0,83,0,17.02,132,0,Jacket,Poly_Spandex,Red,core,26.19,24
2025-07-07,SKU0027,DC_DN,0,0,0,149,149,29.48,406,0,Sweatpant,Cotton_Jersey,Olive,core,11.34,24
2025-07-07,SKU0027,DC_HN,0,0,0,101,101,11.99,406,0,Sweatpant,Cotton_Jersey,Olive,core,11.34,24
2025-07-14,SKU0001,DC_HCMC,0,0,0,51,51,5.75,62,0,Dress,Poly_Spandex,Red,core,24.34,24
2025-07-14,SKU0002,DC_DN,0,0,0,229,0,51.4,475,0,Tee,Nylon_Taffeta,Red,extended,11.75,24
2025-07-14,SKU0002,DC_HCMC,0,0,0,237,0,27.29,475,0,Tee,Nylon_Taffeta,Red,extended,11.75,24
2025-07-14,SKU0006,DC_DN,0,0,0,19,19,3.71,21,0,Jacket,French_Terry,White,core,25.25,36
2025-07-14,SKU0007,DC_HCMC,0,0,0,58,58,6.95,69,0,Dress,Cotton_Jersey,Navy,extended,18.67,24
2025-07-14,SKU0009,DC_HN,0,0,0,156,0,19.96,152,0,Polo,Fleece,Sand,extended,14.71,24
2025-07-14,SKU0010,DC_HN,0,0,0,303,0,36.48,344,0,Short,Cotton_Jersey,White,core,29.47,24
2025-07-14,SKU0016,DC_CT,0,0,0,40,0,5.87,147,0,Jacket,Fleece,White,core,22.06,24
2025-07-14,SKU0016,DC_HCMC,0,0,0,36,0,4.44,147,0,Jacket,Fleece,White,core,22.06,24
2025-07-14,SKU0016,DC_HN,0,0,0,53,0,6.07,147,0,Jacket,Fleece,White,core,22.06,24
2025-07-14,SKU0017,DC_HCMC,0,0,0,52,52,6.47,52,0,Jacket,Cotton_Jersey,Grey,core,19.88,24
2025-07-14,SKU0020,DC_DN,0,0,0,120,0,27.92,170,0,Hoodie,Cotton_Jersey,Black,core,20.3,12
2025-07-14,SKU0020,DC_HN,0,0,0,41,0,4.83,170,0,Hoodie,Cotton_Jersey,Black,core,20.3,12
2025-07-14,SKU0022,DC_HN,0,0,0,96,0,11.24,113,0,Dress,Ripstop,Grey,core,22.11,24
2025-07-14,SKU0024,DC_HCMC,0,0,0,62,0,7.09,64,0,Tee,Fleece,Black,core,6.06,36
2025-07-14,SKU0026,DC_HCMC,0,0,0,235,235,27.259999999999998,256,0,Jacket,Poly_Spandex,Red,core,26.19,24
2025-07-14,SKU0028,DC_HN,0,0,0,27,0,3.17,33,0,Jacket,Nylon_Taffeta,Grey,extended,21.3,36
2025-07-14,SKU0029,DC_CT,0,0,0,55,0,7.37,154,0,Tee,French_Terry,Olive,core,6,24
2025-07-14,SKU0029,DC_HCMC,0,0,0,98,98,12.72,154,0,Tee,French_Terry,Olive,core,6,24
2025-07-14,SKU0030,DC_HCMC,0,0,0,74,0,9.48,90,0,Dress,Fleece,Sand,core,22.65,36
2025-07-21,SKU0005,DC_DN,0,0,0,61,61,14.02,61,0,Legging,Nylon_Taffeta,Navy,core,25.08,12
2025-07-28,SKU0015,DC_HN,0,0,0,169,0,22.1,190,0,Polo,French_Terry,White,core,20.18,24
2025-07-28,SKU0024,DC_HN,0,0,0,91,0,12.1,96,0,Tee,Fleece,Black,core,6.06,36
2025-01-27,SKU0022,NA,0,0,0,0,0,0,72,0,Dress,Ripstop,Grey,core,22.11,24
2025-02-10,SKU0001,NA,0,0,0,0,0,0,50,0,Dress,Poly_Spandex,Red,core,24.34,24
2025-02-17,SKU0010,NA,0,0,0,0,0,0,106,134,Short,Cotton_Jersey,White,core,29.47,24
2025-02-17,SKU0012,NA,0,0,0,0,0,0,57,287,Legging,Ripstop,Black,core,19.69,24
2025-02-17,SKU0022,NA,0,0,0,0,0,0,54,214,Dress,Ripstop,Grey,core,22.11,24
2025-03-10,SKU0013,NA,0,0,0,0,0,0,88,361,Polo,Cotton_Jersey,White,core,17.4,24
2025-03-10,SKU0014,NA,0,0,0,0,0,0,69,265,Dress,Cotton_Jersey,Olive,core,22.79,24
2025-04-07,SKU0020,NA,0,0,0,0,0,0,82,0,Hoodie,Cotton_Jersey,Black,core,20.3,12
2025-04-14,SKU0030,NA,0,0,0,0,0,0,81,141,Dress,Fleece,Sand,core,22.65,36
2025-04-21,SKU0003,NA,0,0,0,0,0,0,114,215,Sweatpant,Poly_Spandex,Blue,core,19.86,24
2025-04-21,SKU0021,NA,0,0,0,0,0,0,157,0,Legging,Fleece,Olive,extended,19.03,24
2025-04-28,SKU0003,NA,0,0,0,0,0,0,69,49,Sweatpant,Poly_Spandex,Blue,core,19.86,24
2025-04-28,SKU0019,NA,0,0,0,0,0,0,56,0,Hoodie,Fleece,Blue,extended,20.22,24
2025-04-28,SKU0030,NA,0,0,0,0,0,0,82,0,Dress,Fleece,Sand,core,22.65,36
2025-05-05,SKU0028,NA,0,0,0,0,0,0,49,280,Jacket,Nylon_Taffeta,Grey,extended,21.3,36
2025-05-19,SKU0001,NA,0,0,0,0,0,0,49,29,Dress,Poly_Spandex,Red,core,24.34,24
2025-05-19,SKU0003,NA,0,0,0,0,0,0,129,0,Sweatpant,Poly_Spandex,Blue,core,19.86,24
2025-05-19,SKU0006,NA,0,0,0,0,0,0,91,96,Jacket,French_Terry,White,core,25.25,36
2025-05-19,SKU0015,NA,0,0,0,0,0,0,145,0,Polo,French_Terry,White,core,20.18,24
2025-05-19,SKU0027,NA,0,0,0,0,0,0,69,0,Sweatpant,Cotton_Jersey,Olive,core,11.34,24
2025-07-07,SKU0028,NA,0,0,0,0,0,0,74,0,Jacket,Nylon_Taffeta,Grey,extended,21.3,36
2024-12-30,SKU0001,NA,0,0,0,0,0,0,0,62,Dress,Poly_Spandex,Red,core,24.34,24
2024-12-30,SKU0013,NA,0,0,0,0,0,0,0,74,Polo,Cotton_Jersey,White,core,17.4,24
2024-12-30,SKU0020,NA,0,0,0,0,0,0,0,99,Hoodie,Cotton_Jersey,Black,core,20.3,12
2024-12-30,SKU0029,NA,0,0,0,0,0,0,0,63,Tee,French_Terry,Olive,core,6,24
2025-01-06,SKU0005,NA,0,0,0,0,0,0,0,101,Legging,Nylon_Taffeta,Navy,core,25.08,12
2025-01-06,SKU0009,NA,0,0,0,0,0,0,0,82,Polo,Fleece,Sand,extended,14.71,24
2025-01-06,SKU0012,NA,0,0,0,0,0,0,0,151,Legging,Ripstop,Black,core,19.69,24
2025-01-06,SKU0018,NA,0,0,0,0,0,0,0,129,Tee,Poly_Spandex,Black,extended,7.01,24
2025-01-06,SKU0019,NA,0,0,0,0,0,0,0,64,Hoodie,Fleece,Blue,extended,20.22,24
2025-01-06,SKU0020,NA,0,0,0,0,0,0,0,74,Hoodie,Cotton_Jersey,Black,core,20.3,12
2025-01-06,SKU0023,NA,0,0,0,0,0,0,0,254,Tee,Fleece,Grey,core,13.1,24
2025-01-06,SKU0028,NA,0,0,0,0,0,0,0,233,Jacket,Nylon_Taffeta,Grey,extended,21.3,36
2025-01-13,SKU0003,NA,0,0,0,0,0,0,0,23,Sweatpant,Poly_Spandex,Blue,core,19.86,24
2025-01-13,SKU0006,NA,0,0,0,0,0,0,0,239,Jacket,French_Terry,White,core,25.25,36
2025-01-13,SKU0008,NA,0,0,0,0,0,0,0,65,Hoodie,French_Terry,Sand,core,23.12,12
2025-01-13,SKU0016,NA,0,0,0,0,0,0,0,218,Jacket,Fleece,White,core,22.06,24
2025-01-13,SKU0017,NA,0,0,0,0,0,0,0,165,Jacket,Cotton_Jersey,Grey,core,19.88,24
2025-01-13,SKU0018,NA,0,0,0,0,0,0,0,137,Tee,Poly_Spandex,Black,extended,7.01,24
2025-01-13,SKU0021,NA,0,0,0,0,0,0,0,42,Legging,Fleece,Olive,extended,19.03,24
2025-01-13,SKU0025,NA,0,0,0,0,0,0,0,104,Short,Poly_Spandex,Navy,core,25.18,36
2025-01-13,SKU0027,NA,0,0,0,0,0,0,0,414,Sweatpant,Cotton_Jersey,Olive,core,11.34,24
2025-01-20,SKU0008,NA,0,0,0,0,0,0,0,143,Hoodie,French_Terry,Sand,core,23.12,12
2025-01-20,SKU0011,NA,0,0,0,0,0,0,0,22,Short,Cotton_Jersey,Red,core,22.81,24
2025-01-20,SKU0014,NA,0,0,0,0,0,0,0,41,Dress,Cotton_Jersey,Olive,core,22.79,24
2025-01-20,SKU0015,NA,0,0,0,0,0,0,0,48,Polo,French_Terry,White,core,20.18,24
2025-01-20,SKU0016,NA,0,0,0,0,0,0,0,172,Jacket,Fleece,White,core,22.06,24
2025-01-20,SKU0020,NA,0,0,0,0,0,0,0,275,Hoodie,Cotton_Jersey,Black,core,20.3,12
2025-01-20,SKU0024,NA,0,0,0,0,0,0,0,70,Tee,Fleece,Black,core,6.06,36
2025-01-27,SKU0002,NA,0,0,0,0,0,0,0,92,Tee,Nylon_Taffeta,Red,extended,11.75,24
2025-01-27,SKU0004,NA,0,0,0,0,0,0,0,261,Tee,Ripstop,White,extended,14.15,36
2025-01-27,SKU0013,NA,0,0,0,0,0,0,0,277,Polo,Cotton_Jersey,White,core,17.4,24
2025-01-27,SKU0019,NA,0,0,0,0,0,0,0,67,Hoodie,Fleece,Blue,extended,20.22,24
2025-02-03,SKU0001,NA,0,0,0,0,0,0,0,118,Dress,Poly_Spandex,Red,core,24.34,24
2025-02-03,SKU0017,NA,0,0,0,0,0,0,0,130,Jacket,Cotton_Jersey,Grey,core,19.88,24
2025-02-03,SKU0019,NA,0,0,0,0,0,0,0,107,Hoodie,Fleece,Blue,extended,20.22,24
2025-02-03,SKU0027,NA,0,0,0,0,0,0,0,123,Sweatpant,Cotton_Jersey,Olive,core,11.34,24
2025-02-03,SKU0030,NA,0,0,0,0,0,0,0,136,Dress,Fleece,Sand,core,22.65,36
2025-02-10,SKU0003,NA,0,0,0,0,0,0,0,120,Sweatpant,Poly_Spandex,Blue,core,19.86,24
2025-02-10,SKU0005,NA,0,0,0,0,0,0,0,36,Legging,Nylon_Taffeta,Navy,core,25.08,12
2025-02-10,SKU0010,NA,0,0,0,0,0,0,0,248,Short,Cotton_Jersey,White,core,29.47,24
2025-02-10,SKU0015,NA,0,0,0,0,0,0,0,166,Polo,French_Terry,White,core,20.18,24
2025-02-10,SKU0021,NA,0,0,0,0,0,0,0,27,Legging,Fleece,Olive,extended,19.03,24
2025-02-10,SKU0023,NA,0,0,0,0,0,0,0,275,Tee,Fleece,Grey,core,13.1,24
2025-02-10,SKU0025,NA,0,0,0,0,0,0,0,616,Short,Poly_Spandex,Navy,core,25.18,36
2025-02-10,SKU0028,NA,0,0,0,0,0,0,0,111,Jacket,Nylon_Taffeta,Grey,extended,21.3,36
2025-02-17,SKU0011,NA,0,0,0,0,0,0,0,101,Short,Cotton_Jersey,Red,core,22.81,24
2025-02-24,SKU0002,NA,0,0,0,0,0,0,0,505,Tee,Nylon_Taffeta,Red,extended,11.75,24
2025-02-24,SKU0023,NA,0,0,0,0,0,0,0,219,Tee,Fleece,Grey,core,13.1,24
2025-02-24,SKU0026,NA,0,0,0,0,0,0,0,58,Jacket,Poly_Spandex,Red,core,26.19,24
2025-03-03,SKU0015,NA,0,0,0,0,0,0,0,197,Polo,French_Terry,White,core,20.18,24
2025-03-03,SKU0027,NA,0,0,0,0,0,0,0,170,Sweatpant,Cotton_Jersey,Olive,core,11.34,24
2025-03-10,SKU0007,NA,0,0,0,0,0,0,0,64,Dress,Cotton_Jersey,Navy,extended,18.67,24
2025-03-10,SKU0011,NA,0,0,0,0,0,0,0,217,Short,Cotton_Jersey,Red,core,22.81,24
2025-03-10,SKU0024,NA,0,0,0,0,0,0,0,151,Tee,Fleece,Black,core,6.06,36
2025-03-10,SKU0026,NA,0,0,0,0,0,0,0,127,Jacket,Poly_Spandex,Red,core,26.19,24
2025-03-10,SKU0028,NA,0,0,0,0,0,0,0,133,Jacket,Nylon_Taffeta,Grey,extended,21.3,36
2025-03-10,SKU0029,NA,0,0,0,0,0,0,0,224,Tee,French_Terry,Olive,core,6,24
2025-03-17,SKU0003,NA,0,0,0,0,0,0,0,124,Sweatpant,Poly_Spandex,Blue,core,19.86,24
2025-03-17,SKU0016,NA,0,0,0,0,0,0,0,128,Jacket,Fleece,White,core,22.06,24
2025-03-17,SKU0022,NA,0,0,0,0,0,0,0,23,Dress,Ripstop,Grey,core,22.11,24
2025-03-17,SKU0023,NA,0,0,0,0,0,0,0,120,Tee,Fleece,Grey,core,13.1,24
2025-03-24,SKU0018,NA,0,0,0,0,0,0,0,271,Tee,Poly_Spandex,Black,extended,7.01,24
2025-03-24,SKU0019,NA,0,0,0,0,0,0,0,157,Hoodie,Fleece,Blue,extended,20.22,24
2025-03-24,SKU0023,NA,0,0,0,0,0,0,0,270,Tee,Fleece,Grey,core,13.1,24
2025-03-31,SKU0010,NA,0,0,0,0,0,0,0,193,Short,Cotton_Jersey,White,core,29.47,24
2025-03-31,SKU0011,NA,0,0,0,0,0,0,0,237,Short,Cotton_Jersey,Red,core,22.81,24
2025-03-31,SKU0016,NA,0,0,0,0,0,0,0,429,Jacket,Fleece,White,core,22.06,24
2025-03-31,SKU0019,NA,0,0,0,0,0,0,0,118,Hoodie,Fleece,Blue,extended,20.22,24
2025-03-31,SKU0028,NA,0,0,0,0,0,0,0,81,Jacket,Nylon_Taffeta,Grey,extended,21.3,36
2025-03-31,SKU0029,NA,0,0,0,0,0,0,0,757,Tee,French_Terry,Olive,core,6,24
2025-03-31,SKU0030,NA,0,0,0,0,0,0,0,91,Dress,Fleece,Sand,core,22.65,36
2025-04-07,SKU0001,NA,0,0,0,0,0,0,0,240,Dress,Poly_Spandex,Red,core,24.34,24
2025-04-07,SKU0008,NA,0,0,0,0,0,0,0,245,Hoodie,French_Terry,Sand,core,23.12,12
2025-04-07,SKU0012,NA,0,0,0,0,0,0,0,178,Legging,Ripstop,Black,core,19.69,24
2025-04-07,SKU0027,NA,0,0,0,0,0,0,0,112,Sweatpant,Cotton_Jersey,Olive,core,11.34,24
2025-04-07,SKU0028,NA,0,0,0,0,0,0,0,75,Jacket,Nylon_Taffeta,Grey,extended,21.3,36
2025-04-14,SKU0003,NA,0,0,0,0,0,0,0,118,Sweatpant,Poly_Spandex,Blue,core,19.86,24
2025-04-14,SKU0015,NA,0,0,0,0,0,0,0,97,Polo,French_Terry,White,core,20.18,24
2025-04-14,SKU0017,NA,0,0,0,0,0,0,0,139,Jacket,Cotton_Jersey,Grey,core,19.88,24
2025-04-14,SKU0028,NA,0,0,0,0,0,0,0,218,Jacket,Nylon_Taffeta,Grey,extended,21.3,36
2025-04-21,SKU0011,NA,0,0,0,0,0,0,0,706,Short,Cotton_Jersey,Red,core,22.81,24
2025-04-21,SKU0012,NA,0,0,0,0,0,0,0,181,Legging,Ripstop,Black,core,19.69,24
2025-04-21,SKU0016,NA,0,0,0,0,0,0,0,141,Jacket,Fleece,White,core,22.06,24
2025-04-21,SKU0019,NA,0,0,0,0,0,0,0,60,Hoodie,Fleece,Blue,extended,20.22,24
2025-04-28,SKU0010,NA,0,0,0,0,0,0,0,461,Short,Cotton_Jersey,White,core,29.47,24
2025-04-28,SKU0022,NA,0,0,0,0,0,0,0,136,Dress,Ripstop,Grey,core,22.11,24
2025-04-28,SKU0027,NA,0,0,0,0,0,0,0,127,Sweatpant,Cotton_Jersey,Olive,core,11.34,24
2025-05-05,SKU0004,NA,0,0,0,0,0,0,0,246,Tee,Ripstop,White,extended,14.15,36
2025-05-05,SKU0013,NA,0,0,0,0,0,0,0,22,Polo,Cotton_Jersey,White,core,17.4,24
2025-05-05,SKU0019,NA,0,0,0,0,0,0,0,100,Hoodie,Fleece,Blue,extended,20.22,24
2025-05-05,SKU0021,NA,0,0,0,0,0,0,0,138,Legging,Fleece,Olive,extended,19.03,24
2025-05-05,SKU0022,NA,0,0,0,0,0,0,0,155,Dress,Ripstop,Grey,core,22.11,24
2025-05-05,SKU0027,NA,0,0,0,0,0,0,0,74,Sweatpant,Cotton_Jersey,Olive,core,11.34,24
2025-05-12,SKU0001,NA,0,0,0,0,0,0,0,63,Dress,Poly_Spandex,Red,core,24.34,24
2025-05-12,SKU0003,NA,0,0,0,0,0,0,0,187,Sweatpant,Poly_Spandex,Blue,core,19.86,24
2025-05-12,SKU0006,NA,0,0,0,0,0,0,0,100,Jacket,French_Terry,White,core,25.25,36
2025-05-12,SKU0023,NA,0,0,0,0,0,0,0,574,Tee,Fleece,Grey,core,13.1,24
2025-05-12,SKU0030,NA,0,0,0,0,0,0,0,158,Dress,Fleece,Sand,core,22.65,36
2025-05-19,SKU0002,NA,0,0,0,0,0,0,0,223,Tee,Nylon_Taffeta,Red,extended,11.75,24
2025-05-19,SKU0008,NA,0,0,0,0,0,0,0,40,Hoodie,French_Terry,Sand,core,23.12,12
2025-05-19,SKU0009,NA,0,0,0,0,0,0,0,43,Polo,Fleece,Sand,extended,14.71,24
2025-05-19,SKU0019,NA,0,0,0,0,0,0,0,267,Hoodie,Fleece,Blue,extended,20.22,24
2025-05-19,SKU0021,NA,0,0,0,0,0,0,0,317,Legging,Fleece,Olive,extended,19.03,24
2025-05-19,SKU0026,NA,0,0,0,0,0,0,0,92,Jacket,Poly_Spandex,Red,core,26.19,24
2025-05-26,SKU0007,NA,0,0,0,0,0,0,0,46,Dress,Cotton_Jersey,Navy,extended,18.67,24
2025-05-26,SKU0008,NA,0,0,0,0,0,0,0,59,Hoodie,French_Terry,Sand,core,23.12,12
2025-05-26,SKU0014,NA,0,0,0,0,0,0,0,133,Dress,Cotton_Jersey,Olive,core,22.79,24
2025-05-26,SKU0030,NA,0,0,0,0,0,0,0,37,Dress,Fleece,Sand,core,22.65,36
2025-06-02,SKU0010,NA,0,0,0,0,0,0,0,193,Short,Cotton_Jersey,White,core,29.47,24
2025-06-02,SKU0011,NA,0,0,0,0,0,0,0,271,Short,Cotton_Jersey,Red,core,22.81,24
2025-06-02,SKU0019,NA,0,0,0,0,0,0,0,272,Hoodie,Fleece,Blue,extended,20.22,24
2025-06-02,SKU0030,NA,0,0,0,0,0,0,0,257,Dress,Fleece,Sand,core,22.65,36
2025-06-09,SKU0023,NA,0,0,0,0,0,0,0,175,Tee,Fleece,Grey,core,13.1,24
2025-06-09,SKU0027,NA,0,0,0,0,0,0,0,288,Sweatpant,Cotton_Jersey,Olive,core,11.34,24
2025-06-16,SKU0008,NA,0,0,0,0,0,0,0,59,Hoodie,French_Terry,Sand,core,23.12,12
2025-06-16,SKU0012,NA,0,0,0,0,0,0,0,102,Legging,Ripstop,Black,core,19.69,24
2025-06-16,SKU0025,NA,0,0,0,0,0,0,0,97,Short,Poly_Spandex,Navy,core,25.18,36
2025-06-16,SKU0026,NA,0,0,0,0,0,0,0,254,Jacket,Poly_Spandex,Red,core,26.19,24
2025-06-16,SKU0028,NA,0,0,0,0,0,0,0,46,Jacket,Nylon_Taffeta,Grey,extended,21.3,36
2025-06-23,SKU0001,NA,0,0,0,0,0,0,0,51,Dress,Poly_Spandex,Red,core,24.34,24
2025-06-23,SKU0003,NA,0,0,0,0,0,0,0,43,Sweatpant,Poly_Spandex,Blue,core,19.86,24
2025-06-23,SKU0028,NA,0,0,0,0,0,0,0,78,Jacket,Nylon_Taffeta,Grey,extended,21.3,36
2025-06-30,SKU0009,NA,0,0,0,0,0,0,0,164,Polo,Fleece,Sand,extended,14.71,24
2025-06-30,SKU0024,NA,0,0,0,0,0,0,0,108,Tee,Fleece,Black,core,6.06,36
2025-06-30,SKU0026,NA,0,0,0,0,0,0,0,281,Jacket,Poly_Spandex,Red,core,26.19,24
2025-07-07,SKU0006,NA,0,0,0,0,0,0,0,23,Jacket,French_Terry,White,core,25.25,36
2025-07-07,SKU0010,NA,0,0,0,0,0,0,0,391,Short,Cotton_Jersey,White,core,29.47,24
