shipment_id,from_node,to_node,sku_id,ship_date,planned_delivery_date,actual_delivery_date,carrier,mode,route_lane_id,shipped_qty,freight_cost,priority_bucket,scenario
SH000001,WH_SOUTH,DC_HCMC,SKU0006,2025-01-09,2025-01-10,2025-01-10,CarrierC,Road,WH_SOUTH->DC_HCMC:Road,106,13.24,Std,before
SH000002,WH_SOUTH,DC_HCMC,SKU0014,2025-01-09,2025-01-10,2025-01-10,CarrierB,Road,WH_SOUTH->DC_HCMC:Road,77,9.87,Std,before
SH000003,WH_NORTH,DC_HN,SKU0001,2025-01-07,2025-01-08,2025-01-08,CarrierA,Road,WH_NORTH->DC_HN:Road,48,6.79,Std,before
SH000004,WH_NORTH,DC_DN,SKU0010,2025-01-15,2025-01-17,2025-01-17,CarrierA,Road,WH_NORTH->DC_DN:Road,153,33.74,Expedite,before
SH000005,WH_NORTH,DC_DN,SKU0030,2025-01-14,2025-01-16,2025-01-18,CarrierB,Road,WH_NORTH->DC_DN:Road,96,20.4,Std,before
SH000006,WH_NORTH,DC_DN,SKU0005,2025-01-14,2025-01-16,2025-01-18,CarrierA,Road,WH_NORTH->DC_DN:Road,32,7.31,Std,before
SH000007,WH_SOUTH,DC_HCMC,SKU0020,2025-01-15,2025-01-16,2025-01-16,CarrierA,Road,WH_SOUTH->DC_HCMC:Road,81,10.02,Std,before
SH000008,WH_SOUTH,DC_HCMC,SKU0028,2025-01-15,2025-01-16,2025-01-16,CarrierA,Road,WH_SOUTH->DC_HCMC:Road,57,7.4,Std,before
SH000009,WH_NORTH,DC_HN,SKU0013,2025-01-13,2025-01-14,2025-01-14,CarrierA,Road,WH_NORTH->DC_HN:Road,64,9.03,Expedite,before
SH000010,WH_NORTH,DC_HN,SKU0013,2025-01-15,2025-01-16,2025-01-18,CarrierA,Road,WH_NORTH->DC_HN:Road,160,19.88,Std,before
SH000011,WH_NORTH,DC_HN,SKU0029,2025-01-15,2025-01-16,2025-01-18,CarrierB,Road,WH_NORTH->DC_HN:Road,59,7.14,Std,before
SH000012,WH_NORTH,DC_HN,SKU0019,2025-01-15,2025-01-16,2025-01-18,CarrierA,Road,WH_NORTH->DC_HN:Road,47,5.99,Std,before
SH000013,WH_NORTH,DC_HN,SKU0014,2025-01-15,2025-01-16,2025-01-18,CarrierB,Road,WH_NORTH->DC_HN:Road,42,5.6,Std,before
SH000014,WH_SOUTH,DC_CT,SKU0009,2025-01-23,2025-01-24,2025-01-24,CarrierB,Road,WH_SOUTH->DC_CT:Road,217,33.87,Expedite,before
SH000015,WH_SOUTH,DC_CT,SKU0004,2025-01-23,2025-01-24,2025-01-24,CarrierA,Road,WH_SOUTH->DC_CT:Road,176,28.0,Expedite,before
SH000016,WH_SOUTH,DC_CT,SKU0028,2025-01-21,2025-01-22,2025-01-22,CarrierA,Road,WH_SOUTH->DC_CT:Road,135,18.01,Std,before
SH000017,WH_SOUTH,DC_CT,SKU0018,2025-01-21,2025-01-22,2025-01-22,CarrierA,Road,WH_SOUTH->DC_CT:Road,94,15.51,Std,before
SH000018,WH_NORTH,DC_DN,SKU0023,2025-01-20,2025-01-22,2025-01-22,CarrierA,Road,WH_NORTH->DC_DN:Road,215,45.84,Std,before
SH000019,WH_NORTH,DC_DN,SKU0009,2025-01-20,2025-01-22,2025-01-22,CarrierC,Road,WH_NORTH->DC_DN:Road,139,32.69,Std,before
SH000020,WH_NORTH,DC_DN,SKU0005,2025-01-20,2025-01-22,2025-01-22,CarrierA,Road,WH_NORTH->DC_DN:Road,61,11.76,Std,before
SH000021,WH_NORTH,DC_DN,SKU0018,2025-01-20,2025-01-22,2025-01-22,CarrierC,Road,WH_NORTH->DC_DN:Road,69,13.69,Std,before
SH000022,WH_SOUTH,DC_HCMC,SKU0007,2025-01-21,2025-01-22,2025-01-22,CarrierA,Road,WH_SOUTH->DC_HCMC:Road,341,44.11,Std,before
SH000023,WH_SOUTH,DC_HCMC,SKU0027,2025-01-21,2025-01-22,2025-01-22,CarrierA,Road,WH_SOUTH->DC_HCMC:Road,246,30.81,Std,before
SH000024,WH_SOUTH,DC_HCMC,SKU0017,2025-01-21,2025-01-22,2025-01-22,CarrierA,Road,WH_SOUTH->DC_HCMC:Road,153,17.34,Std,before
SH000025,WH_SOUTH,DC_HCMC,SKU0012,2025-01-21,2025-01-22,2025-01-22,CarrierB,Road,WH_SOUTH->DC_HCMC:Road,126,15.1,Std,before
SH000026,WH_SOUTH,DC_HCMC,SKU0005,2025-01-21,2025-01-22,2025-01-22,CarrierA,Road,WH_SOUTH->DC_HCMC:Road,47,5.58,Std,before
SH000027,WH_NORTH,DC_HN,SKU0021,2025-01-21,2025-01-22,2025-01-23,CarrierA,Road,WH_NORTH->DC_HN:Road,40,5.38,Launch,before
SH000028,WH_NORTH,DC_HN,SKU0006,2025-01-23,2025-01-24,2025-01-24,CarrierB,Road,WH_NORTH->DC_HN:Road,302,36.15,Std,before
SH000029,WH_NORTH,DC_HN,SKU0007,2025-01-23,2025-01-24,2025-01-24,CarrierA,Road,WH_NORTH->DC_HN:Road,74,9.79,Std,before
SH000030,WH_NORTH,DC_HN,SKU0019,2025-01-23,2025-01-24,2025-01-24,CarrierB,Road,WH_NORTH->DC_HN:Road,57,7.97,Std,before
SH000031,WH_SOUTH,DC_CT,SKU0030,2025-01-30,2025-01-31,2025-01-31,CarrierA,Road,WH_SOUTH->DC_CT:Road,218,33.14,Std,before
SH000032,WH_SOUTH,DC_CT,SKU0020,2025-01-30,2025-01-31,2025-01-31,CarrierA,Road,WH_SOUTH->DC_CT:Road,63,10.25,Std,before
SH000033,WH_NORTH,DC_DN,SKU0005,2025-01-28,2025-01-30,2025-01-30,CarrierB,Road,WH_NORTH->DC_DN:Road,70,13.48,Expedite,before
SH000034,WH_NORTH,DC_DN,SKU0008,2025-01-30,2025-02-01,2025-02-04,CarrierA,Road,WH_NORTH->DC_DN:Road,59,13.02,Std,before
SH000035,WH_NORTH,DC_DN,SKU0027,2025-01-30,2025-02-01,2025-02-04,CarrierB,Road,WH_NORTH->DC_DN:Road,27,6.1,Std,before
SH000036,WH_SOUTH,DC_HCMC,SKU0015,2025-01-28,2025-01-29,2025-01-29,CarrierB,Road,WH_SOUTH->DC_HCMC:Road,175,20.62,Std,before
SH000037,WH_SOUTH,DC_HCMC,SKU0018,2025-01-28,2025-01-29,2025-01-29,CarrierB,Road,WH_SOUTH->DC_HCMC:Road,149,18.36,Std,before
SH000038,WH_SOUTH,DC_HCMC,SKU0020,2025-01-28,2025-01-29,2025-01-29,CarrierB,Road,WH_SOUTH->DC_HCMC:Road,138,16.32,Std,before
SH000039,WH_SOUTH,DC_HCMC,SKU0009,2025-01-28,2025-01-29,2025-01-29,CarrierA,Road,WH_SOUTH->DC_HCMC:Road,108,12.25,Std,before
SH000040,WH_NORTH,DC_HN,SKU0015,2025-01-30,2025-01-31,2025-02-04,CarrierB,Road,WH_NORTH->DC_HN:Road,73,9.86,Expedite,before
SH000041,WH_NORTH,DC_HN,SKU0014,2025-01-29,2025-01-30,2025-01-30,CarrierB,Road,WH_NORTH->DC_HN:Road,33,4.41,Launch,before
SH000042,WH_NORTH,DC_HN,SKU0003,2025-01-29,2025-01-30,2025-01-30,CarrierC,Road,WH_NORTH->DC_HN:Road,18,2.12,Launch,before
SH000043,WH_NORTH,DC_HN,SKU0024,2025-01-30,2025-01-31,2025-02-04,CarrierA,Road,WH_NORTH->DC_HN:Road,88,11.05,Std,before
SH000044,WH_NORTH,DC_HN,SKU0016,2025-01-30,2025-01-31,2025-02-04,CarrierA,Road,WH_NORTH->DC_HN:Road,97,11.15,Std,before
SH000045,WH_NORTH,DC_HN,SKU0025,2025-01-30,2025-01-31,2025-02-04,CarrierA,Road,WH_NORTH->DC_HN:Road,75,9.53,Std,before
SH000046,WH_NORTH,DC_HN,SKU0028,2025-01-30,2025-01-31,2025-02-04,CarrierC,Road,WH_NORTH->DC_HN:Road,71,9.57,Std,before
SH000047,WH_NORTH,DC_HN,SKU0009,2025-01-30,2025-01-31,2025-02-04,CarrierC,Road,WH_NORTH->DC_HN:Road,70,8.51,Std,before
SH000048,WH_SOUTH,DC_CT,SKU0016,2025-02-05,2025-02-06,2025-02-06,CarrierC,Road,WH_SOUTH->DC_CT:Road,58,8.82,Std,before
SH000049,WH_SOUTH,DC_CT,SKU0004,2025-02-05,2025-02-06,2025-02-06,CarrierB,Road,WH_SOUTH->DC_CT:Road,39,5.37,Std,before
SH000050,WH_SOUTH,DC_CT,SKU0003,2025-02-05,2025-02-06,2025-02-06,CarrierB,Road,WH_SOUTH->DC_CT:Road,21,3.46,Std,before
SH000051,WH_NORTH,DC_DN,SKU0014,2025-02-03,2025-02-05,2025-02-05,CarrierB,Road,WH_NORTH->DC_DN:Road,32,6.82,Expedite,before
SH000052,WH_NORTH,DC_DN,SKU0005,2025-02-06,2025-02-08,2025-02-08,CarrierB,Road,WH_NORTH->DC_DN:Road,143,29.3,Std,before
SH000053,WH_NORTH,DC_DN,SKU0006,2025-02-06,2025-02-08,2025-02-08,CarrierC,Road,WH_NORTH->DC_DN:Road,54,12.47,Std,before
SH000054,WH_SOUTH,DC_HCMC,SKU0020,2025-02-05,2025-02-06,2025-02-06,CarrierA,Road,WH_SOUTH->DC_HCMC:Road,118,13.13,Expedite,before
SH000055,WH_SOUTH,DC_HCMC,SKU0008,2025-02-03,2025-02-04,2025-02-04,CarrierB,Road,WH_SOUTH->DC_HCMC:Road,107,11.54,Std,before
SH000056,WH_SOUTH,DC_HCMC,SKU0010,2025-02-03,2025-02-04,2025-02-04,CarrierB,Road,WH_SOUTH->DC_HCMC:Road,58,7.25,Std,before
SH000057,WH_SOUTH,DC_HCMC,SKU0024,2025-02-03,2025-02-04,2025-02-04,CarrierA,Road,WH_SOUTH->DC_HCMC:Road,69,7.74,Std,before
SH000058,WH_SOUTH,DC_HCMC,SKU0007,2025-02-03,2025-02-04,2025-02-04,CarrierC,Road,WH_SOUTH->DC_HCMC:Road,43,4.88,Std,before
SH000059,WH_SOUTH,DC_HCMC,SKU0016,2025-02-03,2025-02-04,2025-02-04,CarrierB,Road,WH_SOUTH->DC_HCMC:Road,31,3.76,Std,before
SH000060,WH_SOUTH,DC_HCMC,SKU0011,2025-02-03,2025-02-04,2025-02-04,CarrierB,Road,WH_SOUTH->DC_HCMC:Road,17,1.78,Std,before
SH000061,WH_NORTH,DC_HN,SKU0013,2025-02-06,2025-02-07,2025-02-07,CarrierC,Road,WH_NORTH->DC_HN:Road,126,16.85,Expedite,before
SH000062,WH_NORTH,DC_HN,SKU0004,2025-02-06,2025-02-07,2025-02-07,CarrierB,Road,WH_NORTH->DC_HN:Road,110,13.08,Expedite,before
SH000063,WH_NORTH,DC_HN,SKU0005,2025-02-06,2025-02-07,2025-02-07,CarrierA,Road,WH_NORTH->DC_HN:Road,105,12.74,Expedite,before
SH000064,WH_NORTH,DC_HN,SKU0002,2025-02-06,2025-02-07,2025-02-07,CarrierA,Road,WH_NORTH->DC_HN:Road,76,10.73,Expedite,before
SH000065,WH_NORTH,DC_HN,SKU0018,2025-02-04,2025-02-05,2025-02-05,CarrierB,Road,WH_NORTH->DC_HN:Road,56,7.26,Launch,before
SH000066,WH_NORTH,DC_HN,SKU0016,2025-02-04,2025-02-05,2025-02-05,CarrierA,Road,WH_NORTH->DC_HN:Road,144,16.83,Std,before
SH000067,WH_NORTH,DC_HN,SKU0023,2025-02-04,2025-02-05,2025-02-05,CarrierC,Road,WH_NORTH->DC_HN:Road,117,16.51,Std,before
SH000068,WH_NORTH,DC_HN,SKU0002,2025-02-04,2025-02-05,2025-02-05,CarrierA,Road,WH_NORTH->DC_HN:Road,98,13.37,Std,before
SH000069,WH_NORTH,DC_HN,SKU0020,2025-02-04,2025-02-05,2025-02-05,CarrierB,Road,WH_NORTH->DC_HN:Road,70,9.67,Std,before
SH000070,WH_NORTH,DC_HN,SKU0013,2025-02-04,2025-02-05,2025-02-05,CarrierA,Road,WH_NORTH->DC_HN:Road,55,7.65,Std,before
SH000071,WH_NORTH,DC_HN,SKU0028,2025-02-04,2025-02-05,2025-02-05,CarrierA,Road,WH_NORTH->DC_HN:Road,23,3.01,Std,before
SH000072,WH_SOUTH,DC_CT,SKU0011,2025-02-12,2025-02-13,2025-02-13,CarrierA,Road,WH_SOUTH->DC_CT:Road,88,13.94,Std,before
SH000073,WH_SOUTH,DC_CT,SKU0022,2025-02-12,2025-02-13,2025-02-13,CarrierB,Road,WH_SOUTH->DC_CT:Road,52,8.54,Std,before
SH000074,WH_NORTH,DC_DN,SKU0024,2025-02-10,2025-02-12,2025-02-12,CarrierC,Road,WH_NORTH->DC_DN:Road,68,14.49,Launch,before
SH000075,WH_NORTH,DC_DN,SKU0013,2025-02-12,2025-02-14,2025-02-14,CarrierA,Road,WH_NORTH->DC_DN:Road,306,61.44,Std,before
SH000076,WH_NORTH,DC_DN,SKU0018,2025-02-12,2025-02-14,2025-02-14,CarrierA,Road,WH_NORTH->DC_DN:Road,75,15.31,Std,before
SH000077,WH_NORTH,DC_DN,SKU0027,2025-02-12,2025-02-14,2025-02-14,CarrierA,Road,WH_NORTH->DC_DN:Road,50,10.95,Std,before
SH000078,WH_SOUTH,DC_HCMC,SKU0016,2025-02-10,2025-02-11,2025-02-11,CarrierA,Road,WH_SOUTH->DC_HCMC:Road,88,11.26,Launch,before
SH000079,WH_SOUTH,DC_HCMC,SKU0013,2025-02-12,2025-02-13,2025-02-13,CarrierB,Road,WH_SOUTH->DC_HCMC:Road,108,14.01,Std,before
SH000080,WH_SOUTH,DC_HCMC,SKU0004,2025-02-12,2025-02-13,2025-02-13,CarrierA,Road,WH_SOUTH->DC_HCMC:Road,112,14.21,Std,before
SH000081,WH_SOUTH,DC_HCMC,SKU0026,2025-02-12,2025-02-13,2025-02-13,CarrierA,Road,WH_SOUTH->DC_HCMC:Road,92,10.72,Std,before
SH000082,WH_SOUTH,DC_HCMC,SKU0008,2025-02-12,2025-02-13,2025-02-13,CarrierA,Road,WH_SOUTH->DC_HCMC:Road,89,9.87,Std,before
SH000083,WH_SOUTH,DC_HCMC,SKU0019,2025-02-12,2025-02-13,2025-02-13,CarrierB,Road,WH_SOUTH->DC_HCMC:Road,63,8.05,Std,before
SH000084,WH_SOUTH,DC_HCMC,SKU0030,2025-02-12,2025-02-13,2025-02-13,CarrierC,Road,WH_SOUTH->DC_HCMC:Road,60,7.65,Std,before
SH000085,WH_NORTH,DC_HN,SKU0013,2025-02-11,2025-02-12,2025-02-12,CarrierA,Road,WH_NORTH->DC_HN:Road,97,12.6,Launch,before
SH000086,WH_NORTH,DC_HN,SKU0004,2025-02-13,2025-02-14,2025-02-14,CarrierA,Road,WH_NORTH->DC_HN:Road,122,15.05,Std,before
SH000087,WH_NORTH,DC_HN,SKU0020,2025-02-13,2025-02-14,2025-02-14,CarrierC,Road,WH_NORTH->DC_HN:Road,75,9.33,Std,before
SH000088,WH_NORTH,DC_HN,SKU0022,2025-02-13,2025-02-14,2025-02-14,CarrierA,Road,WH_NORTH->DC_HN:Road,54,7.19,Std,before
SH000089,WH_NORTH,DC_HN,SKU0006,2025-02-13,2025-02-14,2025-02-14,CarrierB,Road,WH_NORTH->DC_HN:Road,49,6.45,Std,before
SH000090,WH_SOUTH,DC_CT,SKU0025,2025-02-19,2025-02-20,2025-02-20,CarrierA,Road,WH_SOUTH->DC_CT:Road,93,13.26,Expedite,before
SH000091,WH_SOUTH,DC_CT,SKU0028,2025-02-18,2025-02-19,2025-02-19,CarrierA,Road,WH_SOUTH->DC_CT:Road,60,9.21,Launch,before
SH000092,WH_SOUTH,DC_CT,SKU0004,2025-02-18,2025-02-19,2025-02-22,CarrierB,Road,WH_SOUTH->DC_CT:Road,227,30.24,Std,before
SH000093,WH_SOUTH,DC_CT,SKU0008,2025-02-18,2025-02-19,2025-02-22,CarrierA,Road,WH_SOUTH->DC_CT:Road,58,8.46,Std,before
SH000094,WH_SOUTH,DC_CT,SKU0020,2025-02-18,2025-02-19,2025-02-22,CarrierA,Road,WH_SOUTH->DC_CT:Road,33,5.07,Std,before
SH000095,WH_NORTH,DC_DN,SKU0003,2025-02-19,2025-02-21,2025-02-25,CarrierC,Road,WH_NORTH->DC_DN:Road,98,19.39,Expedite,before
SH000096,WH_NORTH,DC_DN,SKU0003,2025-02-19,2025-02-21,2025-02-21,CarrierB,Road,WH_NORTH->DC_DN:Road,125,24.31,Launch,before
SH000097,WH_NORTH,DC_DN,SKU0027,2025-02-19,2025-02-21,2025-02-21,CarrierC,Road,WH_NORTH->DC_DN:Road,45,8.82,Launch,before
SH000098,WH_NORTH,DC_DN,SKU0027,2025-02-17,2025-02-19,2025-02-19,CarrierA,Road,WH_NORTH->DC_DN:Road,134,30.49,Std,before
SH000099,WH_NORTH,DC_DN,SKU0021,2025-02-17,2025-02-19,2025-02-19,CarrierA,Road,WH_NORTH->DC_DN:Road,84,18.16,Std,before
SH000100,WH_NORTH,DC_DN,SKU0028,2025-02-17,2025-02-19,2025-02-19,CarrierB,Road,WH_NORTH->DC_DN:Road,41,8.42,Std,before
SH000101,WH_SOUTH,DC_HCMC,SKU0017,2025-02-19,2025-02-20,2025-02-20,CarrierA,Road,WH_SOUTH->DC_HCMC:Road,69,7.51,Expedite,before
SH000102,WH_SOUTH,DC_HCMC,SKU0019,2025-02-19,2025-02-20,2025-02-20,CarrierB,Road,WH_SOUTH->DC_HCMC:Road,46,5.03,Expedite,before
SH000103,WH_SOUTH,DC_HCMC,SKU0019,2025-02-19,2025-02-20,2025-02-22,CarrierB,Road,WH_SOUTH->DC_HCMC:Road,149,17.47,Std,before
SH000104,WH_SOUTH,DC_HCMC,SKU0026,2025-02-19,2025-02-20,2025-02-22,CarrierC,Road,WH_SOUTH->DC_HCMC:Road,130,15.04,Std,before
SH000105,WH_SOUTH,DC_HCMC,SKU0024,2025-02-19,2025-02-20,2025-02-22,CarrierA,Road,WH_SOUTH->DC_HCMC:Road,111,12.38,Std,before
SH000106,WH_SOUTH,DC_HCMC,SKU0029,2025-02-19,2025-02-20,2025-02-22,CarrierB,Road,WH_SOUTH->DC_HCMC:Road,122,13.71,Std,before
SH000107,WH_SOUTH,DC_HCMC,SKU0018,2025-02-19,2025-02-20,2025-02-22,CarrierA,Road,WH_SOUTH->DC_HCMC:Road,119,14.19,Std,before
SH000108,WH_SOUTH,DC_HCMC,SKU0003,2025-02-19,2025-02-20,2025-02-22,CarrierA,Road,WH_SOUTH->DC_HCMC:Road,102,12.55,Std,before
SH000109,WH_SOUTH,DC_HCMC,SKU0017,2025-02-19,2025-02-20,2025-02-22,CarrierA,Road,WH_SOUTH->DC_HCMC:Road,63,7.76,Std,before
SH000110,WH_SOUTH,DC_HCMC,SKU0030,2025-02-19,2025-02-20,2025-02-22,CarrierB,Road,WH_SOUTH->DC_HCMC:Road,48,5.63,Std,before
SH000111,WH_NORTH,DC_HN,SKU0013,2025-02-19,2025-02-20,2025-02-20,CarrierA,Road,WH_NORTH->DC_HN:Road,416,52.03,Expedite,before
SH000112,WH_NORTH,DC_HN,SKU0009,2025-02-19,2025-02-20,2025-02-20,CarrierA,Road,WH_NORTH->DC_HN:Road,204,23.44,Expedite,before
SH000113,WH_NORTH,DC_HN,SKU0028,2025-02-19,2025-02-20,2025-02-20,CarrierB,Road,WH_NORTH->DC_HN:Road,89,10.67,Expedite,before
SH000114,WH_NORTH,DC_HN,SKU0004,2025-02-19,2025-02-20,2025-02-20,CarrierA,Road,WH_NORTH->DC_HN:Road,58,7.13,Expedite,before
SH000115,WH_NORTH,DC_HN,SKU0019,2025-02-19,2025-02-20,2025-02-20,CarrierB,Road,WH_NORTH->DC_HN:Road,51,6.44,Expedite,before
SH000116,WH_NORTH,DC_HN,SKU0015,2025-02-17,2025-02-18,2025-02-18,CarrierB,Road,WH_NORTH->DC_HN:Road,248,35.05,Std,before
SH000117,WH_NORTH,DC_HN,SKU0023,2025-02-17,2025-02-18,2025-02-18,CarrierC,Road,WH_NORTH->DC_HN:Road,152,18.03,Std,before
SH000118,WH_NORTH,DC_HN,SKU0026,2025-02-17,2025-02-18,2025-02-18,CarrierC,Road,WH_NORTH->DC_HN:Road,141,19.86,Std,before
SH000119,WH_NORTH,DC_HN,SKU0017,2025-02-17,2025-02-18,2025-02-18,CarrierB,Road,WH_NORTH->DC_HN:Road,115,13.35,Std,before
SH000120,WH_SOUTH,DC_CT,SKU0025,2025-02-27,2025-02-28,2025-02-28,CarrierB,Road,WH_SOUTH->DC_CT:Road,148,23.12,Expedite,before
SH000121,WH_SOUTH,DC_CT,SKU0018,2025-02-24,2025-02-25,2025-02-25,CarrierA,Road,WH_SOUTH->DC_CT:Road,139,20.51,Launch,before
SH000122,WH_SOUTH,DC_CT,SKU0025,2025-02-25,2025-02-26,2025-02-26,CarrierC,Road,WH_SOUTH->DC_CT:Road,417,57.8,Std,before
SH000123,WH_SOUTH,DC_CT,SKU0028,2025-02-25,2025-02-26,2025-02-26,CarrierB,Road,WH_SOUTH->DC_CT:Road,96,13.73,Std,before
SH000124,WH_SOUTH,DC_CT,SKU0011,2025-02-25,2025-02-26,2025-02-26,CarrierA,Road,WH_SOUTH->DC_CT:Road,72,10.16,Std,before
SH000125,WH_SOUTH,DC_CT,SKU0018,2025-02-25,2025-02-26,2025-02-26,CarrierB,Road,WH_SOUTH->DC_CT:Road,68,10.45,Std,before
SH000126,WH_SOUTH,DC_CT,SKU0017,2025-02-25,2025-02-26,2025-02-26,CarrierA,Road,WH_SOUTH->DC_CT:Road,57,8.64,Std,before
SH000127,WH_SOUTH,DC_CT,SKU0021,2025-02-25,2025-02-26,2025-02-26,CarrierC,Road,WH_SOUTH->DC_CT:Road,20,3.15,Std,before
SH000128,WH_NORTH,DC_DN,SKU0013,2025-02-25,2025-02-27,2025-02-27,CarrierA,Road,WH_NORTH->DC_DN:Road,88,17.25,Expedite,before
SH000129,WH_NORTH,DC_DN,SKU0016,2025-02-26,2025-02-28,2025-02-28,CarrierA,Road,WH_NORTH->DC_DN:Road,119,24.16,Launch,before
SH000130,WH_NORTH,DC_DN,SKU0028,2025-02-24,2025-02-26,2025-03-03,CarrierA,Road,WH_NORTH->DC_DN:Road,115,22.44,Std,before
SH000131,WH_NORTH,DC_DN,SKU0030,2025-02-24,2025-02-26,2025-03-03,CarrierA,Road,WH_NORTH->DC_DN:Road,39,9.2,Std,before
SH000132,WH_SOUTH,DC_HCMC,SKU0024,2025-02-26,2025-02-27,2025-02-27,CarrierB,Road,WH_SOUTH->DC_HCMC:Road,62,6.69,Expedite,before
SH000133,WH_SOUTH,DC_HCMC,SKU0004,2025-02-26,2025-02-27,2025-02-27,CarrierC,Road,WH_SOUTH->DC_HCMC:Road,39,4.58,Expedite,before
SH000134,WH_SOUTH,DC_HCMC,SKU0010,2025-02-24,2025-02-25,2025-02-26,CarrierB,Road,WH_SOUTH->DC_HCMC:Road,109,11.79,Launch,before
SH000135,WH_SOUTH,DC_HCMC,SKU0016,2025-02-24,2025-02-25,2025-02-26,CarrierB,Road,WH_SOUTH->DC_HCMC:Road,122,15.04,Launch,before
SH000136,WH_SOUTH,DC_HCMC,SKU0015,2025-02-24,2025-02-25,2025-02-25,CarrierB,Road,WH_SOUTH->DC_HCMC:Road,146,18.81,Std,before
SH000137,WH_SOUTH,DC_HCMC,SKU0006,2025-02-24,2025-02-25,2025-02-25,CarrierC,Road,WH_SOUTH->DC_HCMC:Road,134,15.18,Std,before
SH000138,WH_SOUTH,DC_HCMC,SKU0014,2025-02-24,2025-02-25,2025-02-25,CarrierA,Road,WH_SOUTH->DC_HCMC:Road,96,11.53,Std,before
SH000139,WH_SOUTH,DC_HCMC,SKU0007,2025-02-24,2025-02-25,2025-02-25,CarrierC,Road,WH_SOUTH->DC_HCMC:Road,81,9.52,Std,before
SH000140,WH_SOUTH,DC_HCMC,SKU0005,2025-02-24,2025-02-25,2025-02-25,CarrierA,Road,WH_SOUTH->DC_HCMC:Road,27,3.21,Std,before
SH000141,WH_SOUTH,DC_HCMC,SKU0008,2025-02-24,2025-02-25,2025-02-25,CarrierA,Road,WH_SOUTH->DC_HCMC:Road,30,3.48,Std,before
SH000142,WH_NORTH,DC_HN,SKU0009,2025-02-25,2025-02-26,2025-02-26,CarrierA,Road,WH_NORTH->DC_HN:Road,86,9.86,Expedite,before
SH000143,WH_NORTH,DC_HN,SKU0019,2025-02-25,2025-02-26,2025-02-26,CarrierC,Road,WH_NORTH->DC_HN:Road,65,9.02,Expedite,before
SH000144,WH_NORTH,DC_HN,SKU0001,2025-02-25,2025-02-26,2025-02-26,CarrierB,Road,WH_NORTH->DC_HN:Road,64,8.11,Expedite,before
SH000145,WH_NORTH,DC_HN,SKU0005,2025-02-25,2025-02-26,2025-02-26,CarrierC,Road,WH_NORTH->DC_HN:Road,57,7.73,Expedite,before
SH000146,WH_NORTH,DC_HN,SKU0009,2025-02-26,2025-02-27,2025-02-27,CarrierB,Road,WH_NORTH->DC_HN:Road,143,18.63,Launch,before
SH000147,WH_NORTH,DC_HN,SKU0013,2025-02-26,2025-02-27,2025-02-27,CarrierB,Road,WH_NORTH->DC_HN:Road,95,12.32,Launch,before
SH000148,WH_NORTH,DC_HN,SKU0025,2025-02-26,2025-02-27,2025-02-27,CarrierB,Road,WH_NORTH->DC_HN:Road,160,20.74,Std,before
SH000149,WH_NORTH,DC_HN,SKU0009,2025-02-26,2025-02-27,2025-02-27,CarrierA,Road,WH_NORTH->DC_HN:Road,135,19.1,Std,before
SH000150,WH_NORTH,DC_HN,SKU0010,2025-02-26,2025-02-27,2025-02-27,CarrierA,Road,WH_NORTH->DC_HN:Road,107,15.02,Std,before
SH000151,WH_NORTH,DC_HN,SKU0024,2025-02-26,2025-02-27,2025-02-27,CarrierA,Road,WH_NORTH->DC_HN:Road,101,13.34,Std,before
SH000152,WH_SOUTH,DC_CT,SKU0008,2025-03-06,2025-03-07,2025-03-07,CarrierB,Road,WH_SOUTH->DC_CT:Road,55,8.51,Launch,before
SH000153,WH_SOUTH,DC_CT,SKU0012,2025-03-04,2025-03-05,2025-03-05,CarrierB,Road,WH_SOUTH->DC_CT:Road,66,10.29,Std,before
SH000154,WH_SOUTH,DC_CT,SKU0019,2025-03-04,2025-03-05,2025-03-05,CarrierA,Road,WH_SOUTH->DC_CT:Road,39,6.36,Std,before
SH000155,WH_NORTH,DC_DN,SKU0002,2025-03-06,2025-03-08,2025-03-10,CarrierB,Road,WH_NORTH->DC_DN:Road,391,81.79,Expedite,before
SH000156,WH_NORTH,DC_DN,SKU0009,2025-03-06,2025-03-08,2025-03-10,CarrierA,Road,WH_NORTH->DC_DN:Road,361,69.78,Expedite,before
SH000157,WH_NORTH,DC_DN,SKU0014,2025-03-05,2025-03-07,2025-03-07,CarrierB,Road,WH_NORTH->DC_DN:Road,121,25.66,Std,before
SH000158,WH_NORTH,DC_DN,SKU0021,2025-03-05,2025-03-07,2025-03-07,CarrierA,Road,WH_NORTH->DC_DN:Road,47,10.59,Std,before
SH000159,WH_NORTH,DC_DN,SKU0018,2025-03-05,2025-03-07,2025-03-07,CarrierA,Road,WH_NORTH->DC_DN:Road,45,10.5,Std,before
SH000160,WH_SOUTH,DC_HCMC,SKU0011,2025-03-04,2025-03-05,2025-03-05,CarrierC,Road,WH_SOUTH->DC_HCMC:Road,47,6.04,Expedite,before
SH000161,WH_SOUTH,DC_HCMC,SKU0019,2025-03-03,2025-03-04,2025-03-04,CarrierB,Road,WH_SOUTH->DC_HCMC:Road,70,8.81,Launch,before
SH000162,WH_SOUTH,DC_HCMC,SKU0005,2025-03-05,2025-03-06,2025-03-06,CarrierB,Road,WH_SOUTH->DC_HCMC:Road,298,31.99,Std,before
SH000163,WH_SOUTH,DC_HCMC,SKU0030,2025-03-05,2025-03-06,2025-03-06,CarrierA,Road,WH_SOUTH->DC_HCMC:Road,228,29.48,Std,before
SH000164,WH_SOUTH,DC_HCMC,SKU0013,2025-03-05,2025-03-06,2025-03-06,CarrierA,Road,WH_SOUTH->DC_HCMC:Road,212,25.66,Std,before
SH000165,WH_SOUTH,DC_HCMC,SKU0022,2025-03-05,2025-03-06,2025-03-06,CarrierA,Road,WH_SOUTH->DC_HCMC:Road,177,18.77,Std,before
SH000166,WH_NORTH,DC_HN,SKU0022,2025-03-04,2025-03-05,2025-03-05,CarrierC,Road,WH_NORTH->DC_HN:Road,63,8.59,Expedite,before
SH000167,WH_NORTH,DC_HN,SKU0009,2025-03-04,2025-03-05,2025-03-05,CarrierB,Road,WH_NORTH->DC_HN:Road,175,20.5,Std,before
SH000168,WH_NORTH,DC_HN,SKU0019,2025-03-04,2025-03-05,2025-03-05,CarrierB,Road,WH_NORTH->DC_HN:Road,141,18.82,Std,before
SH000169,WH_NORTH,DC_HN,SKU0012,2025-03-04,2025-03-05,2025-03-05,CarrierC,Road,WH_NORTH->DC_HN:Road,127,14.88,Std,before
SH000170,WH_NORTH,DC_HN,SKU0023,2025-03-04,2025-03-05,2025-03-05,CarrierA,Road,WH_NORTH->DC_HN:Road,96,12.65,Std,before
SH000171,WH_SOUTH,DC_CT,SKU0015,2025-03-10,2025-03-11,2025-03-11,CarrierC,Road,WH_SOUTH->DC_CT:Road,185,25.39,Std,before
SH000172,WH_SOUTH,DC_CT,SKU0004,2025-03-10,2025-03-11,2025-03-11,CarrierA,Road,WH_SOUTH->DC_CT:Road,89,12.45,Std,before
SH000173,WH_NORTH,DC_DN,SKU0006,2025-03-13,2025-03-15,2025-03-15,CarrierA,Road,WH_NORTH->DC_DN:Road,55,11.49,Expedite,before
SH000174,WH_NORTH,DC_DN,SKU0008,2025-03-12,2025-03-14,2025-03-14,CarrierA,Road,WH_NORTH->DC_DN:Road,142,32.31,Std,before
SH000175,WH_NORTH,DC_DN,SKU0030,2025-03-12,2025-03-14,2025-03-14,CarrierB,Road,WH_NORTH->DC_DN:Road,104,21.3,Std,before
SH000176,WH_NORTH,DC_DN,SKU0015,2025-03-12,2025-03-14,2025-03-14,CarrierB,Road,WH_NORTH->DC_DN:Road,97,21.86,Std,before
SH000177,WH_SOUTH,DC_HCMC,SKU0023,2025-03-12,2025-03-13,2025-03-13,CarrierA,Road,WH_SOUTH->DC_HCMC:Road,145,17.14,Expedite,before
SH000178,WH_SOUTH,DC_HCMC,SKU0015,2025-03-12,2025-03-13,2025-03-13,CarrierB,Road,WH_SOUTH->DC_HCMC:Road,113,13.41,Expedite,before
SH000179,WH_SOUTH,DC_HCMC,SKU0021,2025-03-11,2025-03-12,2025-03-16,CarrierA,Road,WH_SOUTH->DC_HCMC:Road,63,7.44,Launch,before
SH000180,WH_SOUTH,DC_HCMC,SKU0023,2025-03-12,2025-03-13,2025-03-13,CarrierC,Road,WH_SOUTH->DC_HCMC:Road,164,18.75,Std,before
SH000181,WH_SOUTH,DC_HCMC,SKU0020,2025-03-12,2025-03-13,2025-03-13,CarrierB,Road,WH_SOUTH->DC_HCMC:Road,126,16.25,Std,before
SH000182,WH_SOUTH,DC_HCMC,SKU0002,2025-03-12,2025-03-13,2025-03-13,CarrierA,Road,WH_SOUTH->DC_HCMC:Road,107,12.57,Std,before
SH000183,WH_SOUTH,DC_HCMC,SKU0025,2025-03-12,2025-03-13,2025-03-13,CarrierC,Road,WH_SOUTH->DC_HCMC:Road,112,12.47,Std,before
SH000184,WH_SOUTH,DC_HCMC,SKU0021,2025-03-12,2025-03-13,2025-03-13,CarrierA,Road,WH_SOUTH->DC_HCMC:Road,85,9.31,Std,before
SH000185,WH_NORTH,DC_HN,SKU0009,2025-03-11,2025-03-12,2025-03-15,CarrierB,Road,WH_NORTH->DC_HN:Road,111,13.9,Std,before
SH000186,WH_NORTH,DC_HN,SKU0006,2025-03-11,2025-03-12,2025-03-15,CarrierB,Road,WH_NORTH->DC_HN:Road,110,13.28,Std,before
SH000187,WH_NORTH,DC_HN,SKU0021,2025-03-11,2025-03-12,2025-03-15,CarrierB,Road,WH_NORTH->DC_HN:Road,83,10.46,Std,before
SH000188,WH_NORTH,DC_HN,SKU0019,2025-03-11,2025-03-12,2025-03-15,CarrierB,Road,WH_NORTH->DC_HN:Road,81,10.46,Std,before
SH000189,WH_SOUTH,DC_CT,SKU0026,2025-03-20,2025-03-21,2025-03-21,CarrierA,Road,WH_SOUTH->DC_CT:Road,89,12.97,Std,before
SH000190,WH_SOUTH,DC_CT,SKU0019,2025-03-20,2025-03-21,2025-03-21,CarrierA,Road,WH_SOUTH->DC_CT:Road,41,5.56,Std,before
SH000191,WH_NORTH,DC_DN,SKU0018,2025-03-17,2025-03-19,2025-03-19,CarrierB,Road,WH_NORTH->DC_DN:Road,62,14.39,Expedite,before
SH000192,WH_NORTH,DC_DN,SKU0014,2025-03-18,2025-03-20,2025-03-20,CarrierC,Road,WH_NORTH->DC_DN:Road,195,42.28,Std,before
SH000193,WH_NORTH,DC_DN,SKU0024,2025-03-18,2025-03-20,2025-03-20,CarrierC,Road,WH_NORTH->DC_DN:Road,140,32.79,Std,before
SH000194,WH_NORTH,DC_DN,SKU0018,2025-03-18,2025-03-20,2025-03-20,CarrierB,Road,WH_NORTH->DC_DN:Road,60,13.7,Std,before
SH000195,WH_NORTH,DC_DN,SKU0020,2025-03-18,2025-03-20,2025-03-20,CarrierC,Road,WH_NORTH->DC_DN:Road,39,9.09,Std,before
SH000196,WH_SOUTH,DC_HCMC,SKU0007,2025-03-17,2025-03-18,2025-03-18,CarrierC,Road,WH_SOUTH->DC_HCMC:Road,54,6.26,Expedite,before
SH000197,WH_SOUTH,DC_HCMC,SKU0005,2025-03-17,2025-03-18,2025-03-18,CarrierA,Road,WH_SOUTH->DC_HCMC:Road,36,3.89,Expedite,before
SH000198,WH_SOUTH,DC_HCMC,SKU0027,2025-03-17,2025-03-18,2025-03-18,CarrierC,Road,WH_SOUTH->DC_HCMC:Road,164,17.26,Std,before
SH000199,WH_SOUTH,DC_HCMC,SKU0008,2025-03-17,2025-03-18,2025-03-18,CarrierA,Road,WH_SOUTH->DC_HCMC:Road,143,17.92,Std,before
SH000200,WH_SOUTH,DC_HCMC,SKU0015,2025-03-17,2025-03-18,2025-03-18,CarrierC,Road,WH_SOUTH->DC_HCMC:Road,129,16.64,Std,before
SH000201,WH_SOUTH,DC_HCMC,SKU0013,2025-03-17,2025-03-18,2025-03-18,CarrierB,Road,WH_SOUTH->DC_HCMC:Road,121,13.81,Std,before
SH000202,WH_NORTH,DC_HN,SKU0030,2025-03-17,2025-03-18,2025-03-18,CarrierB,Road,WH_NORTH->DC_HN:Road,445,52.13,Expedite,before
SH000203,WH_NORTH,DC_HN,SKU0011,2025-03-17,2025-03-18,2025-03-18,CarrierA,Road,WH_NORTH->DC_HN:Road,208,26.47,Expedite,before
SH000204,WH_NORTH,DC_HN,SKU0015,2025-03-20,2025-03-21,2025-03-21,CarrierA,Road,WH_NORTH->DC_HN:Road,223,28.35,Std,before
SH000205,WH_NORTH,DC_HN,SKU0013,2025-03-20,2025-03-21,2025-03-21,CarrierB,Road,WH_NORTH->DC_HN:Road,200,23.86,Std,before
SH000206,WH_NORTH,DC_HN,SKU0028,2025-03-20,2025-03-21,2025-03-21,CarrierC,Road,WH_NORTH->DC_HN:Road,171,23.24,Std,before
SH000207,WH_NORTH,DC_HN,SKU0025,2025-03-20,2025-03-21,2025-03-21,CarrierA,Road,WH_NORTH->DC_HN:Road,192,21.98,Std,before
SH000208,WH_NORTH,DC_HN,SKU0021,2025-03-20,2025-03-21,2025-03-21,CarrierA,Road,WH_NORTH->DC_HN:Road,166,22.44,Std,before
SH000209,WH_NORTH,DC_HN,SKU0030,2025-03-20,2025-03-21,2025-03-21,CarrierC,Road,WH_NORTH->DC_HN:Road,100,12.09,Std,before
SH000210,WH_SOUTH,DC_CT,SKU0028,2025-03-25,2025-03-26,2025-03-26,CarrierB,Road,WH_SOUTH->DC_CT:Road,112,18.46,Std,before
SH000211,WH_SOUTH,DC_CT,SKU0007,2025-03-25,2025-03-26,2025-03-26,CarrierA,Road,WH_SOUTH->DC_CT:Road,83,12.75,Std,before
SH000212,WH_NORTH,DC_DN,SKU0009,2025-03-24,2025-03-26,2025-03-26,CarrierA,Road,WH_NORTH->DC_DN:Road,71,14.05,Launch,before
SH000213,WH_NORTH,DC_DN,SKU0029,2025-03-27,2025-03-29,2025-03-29,CarrierB,Road,WH_NORTH->DC_DN:Road,274,61.66,Std,before
SH000214,WH_NORTH,DC_DN,SKU0007,2025-03-27,2025-03-29,2025-03-29,CarrierB,Road,WH_NORTH->DC_DN:Road,89,18.91,Std,before
SH000215,WH_SOUTH,DC_HCMC,SKU0020,2025-03-27,2025-03-28,2025-03-28,CarrierA,Road,WH_SOUTH->DC_HCMC:Road,58,6.74,Launch,before
SH000216,WH_SOUTH,DC_HCMC,SKU0013,2025-03-27,2025-03-28,2025-03-28,CarrierC,Road,WH_SOUTH->DC_HCMC:Road,31,3.74,Launch,before
SH000217,WH_SOUTH,DC_HCMC,SKU0029,2025-03-26,2025-03-27,2025-03-27,CarrierA,Road,WH_SOUTH->DC_HCMC:Road,174,19.51,Std,before
SH000218,WH_SOUTH,DC_HCMC,SKU0011,2025-03-26,2025-03-27,2025-03-27,CarrierA,Road,WH_SOUTH->DC_HCMC:Road,168,20.13,Std,before
SH000219,WH_SOUTH,DC_HCMC,SKU0027,2025-03-26,2025-03-27,2025-03-27,CarrierB,Road,WH_SOUTH->DC_HCMC:Road,120,13.41,Std,before
SH000220,WH_SOUTH,DC_HCMC,SKU0024,2025-03-26,2025-03-27,2025-03-27,CarrierB,Road,WH_SOUTH->DC_HCMC:Road,111,12.67,Std,before
SH000221,WH_SOUTH,DC_HCMC,SKU0020,2025-03-26,2025-03-27,2025-03-27,CarrierA,Road,WH_SOUTH->DC_HCMC:Road,79,8.99,Std,before
SH000222,WH_SOUTH,DC_HCMC,SKU0003,2025-03-26,2025-03-27,2025-03-27,CarrierC,Road,WH_SOUTH->DC_HCMC:Road,56,6.8,Std,before
SH000223,WH_NORTH,DC_HN,SKU0016,2025-03-25,2025-03-26,2025-03-26,CarrierA,Road,WH_NORTH->DC_HN:Road,349,44.6,Std,before
SH000224,WH_NORTH,DC_HN,SKU0004,2025-03-25,2025-03-26,2025-03-26,CarrierB,Road,WH_NORTH->DC_HN:Road,141,19.1,Std,before
SH000225,WH_NORTH,DC_HN,SKU0030,2025-03-25,2025-03-26,2025-03-26,CarrierA,Road,WH_NORTH->DC_HN:Road,91,11.08,Std,before
SH000226,WH_NORTH,DC_HN,SKU0008,2025-03-25,2025-03-26,2025-03-26,CarrierC,Road,WH_NORTH->DC_HN:Road,61,8.25,Std,before
SH000227,WH_NORTH,DC_HN,SKU0012,2025-03-25,2025-03-26,2025-03-26,CarrierA,Road,WH_NORTH->DC_HN:Road,45,5.55,Std,before
SH000228,WH_NORTH,DC_HN,SKU0021,2025-03-25,2025-03-26,2025-03-26,CarrierA,Road,WH_NORTH->DC_HN:Road,50,6.0,Std,before
SH000229,WH_NORTH,DC_HN,SKU0022,2025-03-25,2025-03-26,2025-03-26,CarrierC,Road,WH_NORTH->DC_HN:Road,19,2.39,Std,before
SH000230,WH_SOUTH,DC_CT,SKU0002,2025-04-01,2025-04-02,2025-04-06,CarrierA,Road,WH_SOUTH->DC_CT:Road,350,54.85,Std,before
SH000231,WH_SOUTH,DC_CT,SKU0005,2025-04-01,2025-04-02,2025-04-06,CarrierA,Road,WH_SOUTH->DC_CT:Road,69,9.44,Std,before
SH000232,WH_NORTH,DC_DN,SKU0001,2025-03-31,2025-04-02,2025-04-05,CarrierB,Road,WH_NORTH->DC_DN:Road,140,28.15,Expedite,before
SH000233,WH_NORTH,DC_DN,SKU0027,2025-03-31,2025-04-02,2025-04-02,CarrierC,Road,WH_NORTH->DC_DN:Road,77,18.11,Std,before
SH000234,WH_SOUTH,DC_HCMC,SKU0026,2025-04-03,2025-04-04,2025-04-04,CarrierA,Road,WH_SOUTH->DC_HCMC:Road,84,10.1,Expedite,before
SH000235,WH_SOUTH,DC_HCMC,SKU0009,2025-04-01,2025-04-02,2025-04-04,CarrierB,Road,WH_SOUTH->DC_HCMC:Road,293,37.44,Std,before
SH000236,WH_SOUTH,DC_HCMC,SKU0018,2025-04-01,2025-04-02,2025-04-04,CarrierA,Road,WH_SOUTH->DC_HCMC:Road,218,26.91,Std,before
SH000237,WH_SOUTH,DC_HCMC,SKU0023,2025-04-01,2025-04-02,2025-04-04,CarrierC,Road,WH_SOUTH->DC_HCMC:Road,200,22.34,Std,before
SH000238,WH_SOUTH,DC_HCMC,SKU0002,2025-04-01,2025-04-02,2025-04-04,CarrierB,Road,WH_SOUTH->DC_HCMC:Road,227,28.81,Std,before
SH000239,WH_SOUTH,DC_HCMC,SKU0027,2025-04-01,2025-04-02,2025-04-04,CarrierB,Road,WH_SOUTH->DC_HCMC:Road,118,13.45,Std,before
SH000240,WH_SOUTH,DC_HCMC,SKU0003,2025-04-01,2025-04-02,2025-04-04,CarrierA,Road,WH_SOUTH->DC_HCMC:Road,46,5.35,Std,before
SH000241,WH_SOUTH,DC_HCMC,SKU0022,2025-04-01,2025-04-02,2025-04-04,CarrierB,Road,WH_SOUTH->DC_HCMC:Road,25,2.79,Std,before
SH000242,WH_NORTH,DC_HN,SKU0018,2025-04-01,2025-04-02,2025-04-02,CarrierC,Road,WH_NORTH->DC_HN:Road,141,19.73,Expedite,before
SH000243,WH_NORTH,DC_HN,SKU0013,2025-04-01,2025-04-02,2025-04-02,CarrierB,Road,WH_NORTH->DC_HN:Road,98,11.92,Expedite,before
SH000244,WH_NORTH,DC_HN,SKU0021,2025-04-01,2025-04-02,2025-04-02,CarrierA,Road,WH_NORTH->DC_HN:Road,101,12.24,Expedite,before
SH000245,WH_NORTH,DC_HN,SKU0027,2025-03-31,2025-04-01,2025-04-01,CarrierB,Road,WH_NORTH->DC_HN:Road,182,22.09,Launch,before
SH000246,WH_NORTH,DC_HN,SKU0013,2025-04-02,2025-04-03,2025-04-03,CarrierB,Road,WH_NORTH->DC_HN:Road,287,33.68,Std,before
SH000247,WH_NORTH,DC_HN,SKU0018,2025-04-02,2025-04-03,2025-04-03,CarrierA,Road,WH_NORTH->DC_HN:Road,184,21.82,Std,before
SH000248,WH_NORTH,DC_HN,SKU0005,2025-04-02,2025-04-03,2025-04-03,CarrierA,Road,WH_NORTH->DC_HN:Road,117,14.89,Std,before
SH000249,WH_NORTH,DC_HN,SKU0007,2025-04-02,2025-04-03,2025-04-03,CarrierA,Road,WH_NORTH->DC_HN:Road,106,13.16,Std,before
SH000250,WH_NORTH,DC_HN,SKU0020,2025-04-02,2025-04-03,2025-04-03,CarrierB,Road,WH_NORTH->DC_HN:Road,87,12.09,Std,before
SH000251,WH_NORTH,DC_HN,SKU0002,2025-04-02,2025-04-03,2025-04-03,CarrierB,Road,WH_NORTH->DC_HN:Road,70,9.64,Std,before
SH000252,WH_NORTH,DC_HN,SKU0006,2025-04-02,2025-04-03,2025-04-03,CarrierB,Road,WH_NORTH->DC_HN:Road,44,5.02,Std,before
SH000253,WH_SOUTH,DC_CT,SKU0014,2025-04-07,2025-04-08,2025-04-08,CarrierB,Road,WH_SOUTH->DC_CT:Road,54,7.44,Expedite,before
SH000254,WH_SOUTH,DC_CT,SKU0015,2025-04-10,2025-04-11,2025-04-11,CarrierB,Road,WH_SOUTH->DC_CT:Road,134,20.5,Std,before
SH000255,WH_SOUTH,DC_CT,SKU0023,2025-04-10,2025-04-11,2025-04-11,CarrierB,Road,WH_SOUTH->DC_CT:Road,114,15.9,Std,before
SH000256,WH_SOUTH,DC_CT,SKU0018,2025-04-10,2025-04-11,2025-04-11,CarrierA,Road,WH_SOUTH->DC_CT:Road,44,7.14,Std,before
SH000257,WH_SOUTH,DC_CT,SKU0007,2025-04-10,2025-04-11,2025-04-11,CarrierA,Road,WH_SOUTH->DC_CT:Road,43,5.83,Std,before
SH000258,WH_NORTH,DC_DN,SKU0003,2025-04-09,2025-04-11,2025-04-11,CarrierB,Road,WH_NORTH->DC_DN:Road,117,22.45,Expedite,before
SH000259,WH_NORTH,DC_DN,SKU0016,2025-04-08,2025-04-10,2025-04-10,CarrierC,Road,WH_NORTH->DC_DN:Road,192,38.79,Std,before
SH000260,WH_NORTH,DC_DN,SKU0026,2025-04-08,2025-04-10,2025-04-10,CarrierB,Road,WH_NORTH->DC_DN:Road,113,25.39,Std,before
SH000261,WH_SOUTH,DC_HCMC,SKU0007,2025-04-10,2025-04-11,2025-04-11,CarrierA,Road,WH_SOUTH->DC_HCMC:Road,33,3.83,Expedite,before
SH000262,WH_SOUTH,DC_HCMC,SKU0007,2025-04-07,2025-04-08,2025-04-08,CarrierB,Road,WH_SOUTH->DC_HCMC:Road,36,4.22,Launch,before
SH000263,WH_SOUTH,DC_HCMC,SKU0011,2025-04-08,2025-04-09,2025-04-09,CarrierB,Road,WH_SOUTH->DC_HCMC:Road,658,68.78,Std,before
SH000264,WH_SOUTH,DC_HCMC,SKU0025,2025-04-08,2025-04-09,2025-04-09,CarrierC,Road,WH_SOUTH->DC_HCMC:Road,251,28.01,Std,before
SH000265,WH_SOUTH,DC_HCMC,SKU0016,2025-04-08,2025-04-09,2025-04-09,CarrierA,Road,WH_SOUTH->DC_HCMC:Road,100,12.61,Std,before
SH000266,WH_SOUTH,DC_HCMC,SKU0030,2025-04-08,2025-04-09,2025-04-09,CarrierA,Road,WH_SOUTH->DC_HCMC:Road,56,7.15,Std,before
SH000267,WH_SOUTH,DC_HCMC,SKU0026,2025-04-08,2025-04-09,2025-04-09,CarrierA,Road,WH_SOUTH->DC_HCMC:Road,43,5.27,Std,before
SH000268,WH_NORTH,DC_HN,SKU0011,2025-04-10,2025-04-11,2025-04-12,CarrierB,Road,WH_NORTH->DC_HN:Road,73,9.84,Expedite,before
SH000269,WH_NORTH,DC_HN,SKU0009,2025-04-10,2025-04-11,2025-04-12,CarrierB,Road,WH_NORTH->DC_HN:Road,80,10.28,Expedite,before
SH000270,WH_NORTH,DC_HN,SKU0026,2025-04-10,2025-04-11,2025-04-11,CarrierC,Road,WH_NORTH->DC_HN:Road,129,16.29,Launch,before
SH000271,WH_NORTH,DC_HN,SKU0003,2025-04-09,2025-04-10,2025-04-10,CarrierA,Road,WH_NORTH->DC_HN:Road,175,22.43,Std,before
SH000272,WH_NORTH,DC_HN,SKU0010,2025-04-09,2025-04-10,2025-04-10,CarrierA,Road,WH_NORTH->DC_HN:Road,139,17.05,Std,before
SH000273,WH_NORTH,DC_HN,SKU0019,2025-04-09,2025-04-10,2025-04-10,CarrierB,Road,WH_NORTH->DC_HN:Road,146,19.5,Std,before
SH000274,WH_NORTH,DC_HN,SKU0021,2025-04-09,2025-04-10,2025-04-10,CarrierB,Road,WH_NORTH->DC_HN:Road,115,16.01,Std,before
SH000275,WH_SOUTH,DC_CT,SKU0004,2025-04-16,2025-04-17,2025-04-17,CarrierA,Road,WH_SOUTH->DC_CT:Road,88,12.0,Expedite,before
SH000276,WH_SOUTH,DC_CT,SKU0016,2025-04-16,2025-04-17,2025-04-17,CarrierC,Road,WH_SOUTH->DC_CT:Road,80,11.13,Expedite,before
SH000277,WH_SOUTH,DC_CT,SKU0019,2025-04-14,2025-04-15,2025-04-15,CarrierC,Road,WH_SOUTH->DC_CT:Road,94,15.19,Std,before
SH000278,WH_SOUTH,DC_CT,SKU0006,2025-04-14,2025-04-15,2025-04-15,CarrierB,Road,WH_SOUTH->DC_CT:Road,37,6.03,Std,before
SH000279,WH_NORTH,DC_DN,SKU0004,2025-04-16,2025-04-18,2025-04-18,CarrierC,Road,WH_NORTH->DC_DN:Road,202,40.47,Std,before
SH000280,WH_NORTH,DC_DN,SKU0011,2025-04-16,2025-04-18,2025-04-18,CarrierC,Road,WH_NORTH->DC_DN:Road,164,32.83,Std,before
SH000281,WH_NORTH,DC_DN,SKU0025,2025-04-16,2025-04-18,2025-04-18,CarrierC,Road,WH_NORTH->DC_DN:Road,135,31.07,Std,before
SH000282,WH_NORTH,DC_DN,SKU0021,2025-04-16,2025-04-18,2025-04-18,CarrierB,Road,WH_NORTH->DC_DN:Road,124,24.91,Std,before
SH000283,WH_NORTH,DC_DN,SKU0013,2025-04-16,2025-04-18,2025-04-18,CarrierA,Road,WH_NORTH->DC_DN:Road,50,10.97,Std,before
SH000284,WH_SOUTH,DC_HCMC,SKU0007,2025-04-16,2025-04-17,2025-04-17,CarrierA,Road,WH_SOUTH->DC_HCMC:Road,45,4.98,Expedite,before
SH000285,WH_SOUTH,DC_HCMC,SKU0029,2025-04-16,2025-04-17,2025-04-17,CarrierC,Road,WH_SOUTH->DC_HCMC:Road,467,51.55,Std,before
SH000286,WH_SOUTH,DC_HCMC,SKU0018,2025-04-16,2025-04-17,2025-04-17,CarrierA,Road,WH_SOUTH->DC_HCMC:Road,303,38.07,Std,before
SH000287,WH_SOUTH,DC_HCMC,SKU0019,2025-04-16,2025-04-17,2025-04-17,CarrierB,Road,WH_SOUTH->DC_HCMC:Road,90,10.71,Std,before
SH000288,WH_SOUTH,DC_HCMC,SKU0023,2025-04-16,2025-04-17,2025-04-17,CarrierB,Road,WH_SOUTH->DC_HCMC:Road,62,7.57,Std,before
SH000289,WH_SOUTH,DC_HCMC,SKU0006,2025-04-16,2025-04-17,2025-04-17,CarrierB,Road,WH_SOUTH->DC_HCMC:Road,54,6.89,Std,before
SH000290,WH_NORTH,DC_HN,SKU0004,2025-04-15,2025-04-16,2025-04-16,CarrierA,Road,WH_NORTH->DC_HN:Road,152,19.56,Expedite,before
SH000291,WH_NORTH,DC_HN,SKU0022,2025-04-15,2025-04-16,2025-04-16,CarrierA,Road,WH_NORTH->DC_HN:Road,107,12.31,Expedite,before
SH000292,WH_NORTH,DC_HN,SKU0022,2025-04-14,2025-04-15,2025-04-17,CarrierA,Road,WH_NORTH->DC_HN:Road,440,52.23,Std,before
SH000293,WH_NORTH,DC_HN,SKU0010,2025-04-14,2025-04-15,2025-04-17,CarrierB,Road,WH_NORTH->DC_HN:Road,150,18.84,Std,before
SH000294,WH_NORTH,DC_HN,SKU0005,2025-04-14,2025-04-15,2025-04-17,CarrierB,Road,WH_NORTH->DC_HN:Road,88,12.37,Std,before
SH000295,WH_NORTH,DC_HN,SKU0027,2025-04-14,2025-04-15,2025-04-17,CarrierC,Road,WH_NORTH->DC_HN:Road,94,12.28,Std,before
SH000296,WH_SOUTH,DC_CT,SKU0026,2025-04-24,2025-04-25,2025-04-25,CarrierB,Road,WH_SOUTH->DC_CT:Road,116,18.38,Std,before
SH000297,WH_SOUTH,DC_CT,SKU0025,2025-04-24,2025-04-25,2025-04-25,CarrierC,Road,WH_SOUTH->DC_CT:Road,87,13.25,Std,before
SH000298,WH_SOUTH,DC_CT,SKU0028,2025-04-24,2025-04-25,2025-04-25,CarrierC,Road,WH_SOUTH->DC_CT:Road,60,8.89,Std,before
SH000299,WH_NORTH,DC_DN,SKU0022,2025-04-21,2025-04-23,2025-04-23,CarrierA,Road,WH_NORTH->DC_DN:Road,66,13.74,Expedite,before
SH000300,WH_NORTH,DC_DN,SKU0025,2025-04-22,2025-04-24,2025-04-24,CarrierA,Road,WH_NORTH->DC_DN:Road,149,30.55,Launch,before
SH000301,WH_NORTH,DC_DN,SKU0020,2025-04-22,2025-04-24,2025-04-24,CarrierC,Road,WH_NORTH->DC_DN:Road,65,13.55,Launch,before
SH000302,WH_NORTH,DC_DN,SKU0013,2025-04-21,2025-04-23,2025-04-23,CarrierC,Road,WH_NORTH->DC_DN:Road,522,121.56,Std,before
SH000303,WH_NORTH,DC_DN,SKU0029,2025-04-21,2025-04-23,2025-04-23,CarrierA,Road,WH_NORTH->DC_DN:Road,175,37.56,Std,before
SH000304,WH_NORTH,DC_DN,SKU0010,2025-04-21,2025-04-23,2025-04-23,CarrierB,Road,WH_NORTH->DC_DN:Road,119,24.5,Std,before
SH000305,WH_NORTH,DC_DN,SKU0005,2025-04-21,2025-04-23,2025-04-23,CarrierC,Road,WH_NORTH->DC_DN:Road,94,19.68,Std,before
SH000306,WH_NORTH,DC_DN,SKU0030,2025-04-21,2025-04-23,2025-04-23,CarrierB,Road,WH_NORTH->DC_DN:Road,38,7.22,Std,before
SH000307,WH_SOUTH,DC_HCMC,SKU0014,2025-04-22,2025-04-23,2025-04-23,CarrierA,Road,WH_SOUTH->DC_HCMC:Road,349,41.81,Std,before
SH000308,WH_SOUTH,DC_HCMC,SKU0004,2025-04-22,2025-04-23,2025-04-23,CarrierA,Road,WH_SOUTH->DC_HCMC:Road,322,41.27,Std,before
SH000309,WH_SOUTH,DC_HCMC,SKU0018,2025-04-22,2025-04-23,2025-04-23,CarrierA,Road,WH_SOUTH->DC_HCMC:Road,218,22.96,Std,before
SH000310,WH_SOUTH,DC_HCMC,SKU0029,2025-04-22,2025-04-23,2025-04-23,CarrierA,Road,WH_SOUTH->DC_HCMC:Road,207,24.82,Std,before
SH000311,WH_NORTH,DC_HN,SKU0013,2025-04-22,2025-04-23,2025-04-26,CarrierB,Road,WH_NORTH->DC_HN:Road,292,40.02,Std,before
SH000312,WH_NORTH,DC_HN,SKU0027,2025-04-22,2025-04-23,2025-04-26,CarrierA,Road,WH_NORTH->DC_HN:Road,267,32.61,Std,before
SH000313,WH_NORTH,DC_HN,SKU0001,2025-04-22,2025-04-23,2025-04-26,CarrierB,Road,WH_NORTH->DC_HN:Road,206,26.01,Std,before
SH000314,WH_NORTH,DC_HN,SKU0008,2025-04-22,2025-04-23,2025-04-26,CarrierA,Road,WH_NORTH->DC_HN:Road,128,17.12,Std,before
SH000315,WH_SOUTH,DC_CT,SKU0013,2025-04-30,2025-05-01,2025-05-01,CarrierB,Road,WH_SOUTH->DC_CT:Road,129,19.84,Expedite,before
SH000316,WH_SOUTH,DC_CT,SKU0020,2025-05-01,2025-05-02,2025-05-02,CarrierA,Road,WH_SOUTH->DC_CT:Road,232,37.66,Std,before
SH000317,WH_SOUTH,DC_CT,SKU0012,2025-05-01,2025-05-02,2025-05-02,CarrierA,Road,WH_SOUTH->DC_CT:Road,172,23.39,Std,before
SH000318,WH_SOUTH,DC_CT,SKU0013,2025-05-01,2025-05-02,2025-05-02,CarrierB,Road,WH_SOUTH->DC_CT:Road,100,13.79,Std,before
SH000319,WH_SOUTH,DC_CT,SKU0006,2025-05-01,2025-05-02,2025-05-02,CarrierB,Road,WH_SOUTH->DC_CT:Road,66,10.48,Std,before
SH000320,WH_SOUTH,DC_CT,SKU0025,2025-05-01,2025-05-02,2025-05-02,CarrierC,Road,WH_SOUTH->DC_CT:Road,52,8.26,Std,before
SH000321,WH_NORTH,DC_DN,SKU0016,2025-04-29,2025-05-01,2025-05-01,CarrierB,Road,WH_NORTH->DC_DN:Road,123,24.3,Launch,before
SH000322,WH_NORTH,DC_DN,SKU0002,2025-05-01,2025-05-03,2025-05-08,CarrierA,Road,WH_NORTH->DC_DN:Road,197,41.06,Std,before
SH000323,WH_NORTH,DC_DN,SKU0008,2025-05-01,2025-05-03,2025-05-08,CarrierB,Road,WH_NORTH->DC_DN:Road,72,16.05,Std,before
SH000324,WH_NORTH,DC_DN,SKU0020,2025-05-01,2025-05-03,2025-05-08,CarrierB,Road,WH_NORTH->DC_DN:Road,38,8.54,Std,before
SH000325,WH_SOUTH,DC_HCMC,SKU0028,2025-05-01,2025-05-02,2025-05-06,CarrierB,Road,WH_SOUTH->DC_HCMC:Road,63,7.49,Expedite,before
SH000326,WH_SOUTH,DC_HCMC,SKU0006,2025-04-29,2025-04-30,2025-04-30,CarrierA,Road,WH_SOUTH->DC_HCMC:Road,108,13.98,Launch,before
SH000327,WH_SOUTH,DC_HCMC,SKU0009,2025-04-29,2025-04-30,2025-04-30,CarrierB,Road,WH_SOUTH->DC_HCMC:Road,355,43.0,Std,before
SH000328,WH_SOUTH,DC_HCMC,SKU0018,2025-04-29,2025-04-30,2025-04-30,CarrierC,Road,WH_SOUTH->DC_HCMC:Road,175,22.1,Std,before
SH000329,WH_SOUTH,DC_HCMC,SKU0015,2025-04-29,2025-04-30,2025-04-30,CarrierA,Road,WH_SOUTH->DC_HCMC:Road,135,15.31,Std,before
SH000330,WH_SOUTH,DC_HCMC,SKU0001,2025-04-29,2025-04-30,2025-04-30,CarrierC,Road,WH_SOUTH->DC_HCMC:Road,104,12.42,Std,before
SH000331,WH_SOUTH,DC_HCMC,SKU0005,2025-04-29,2025-04-30,2025-04-30,CarrierA,Road,WH_SOUTH->DC_HCMC:Road,95,11.92,Std,before
SH000332,WH_NORTH,DC_HN,SKU0011,2025-04-29,2025-04-30,2025-05-01,CarrierA,Road,WH_NORTH->DC_HN:Road,93,11.01,Expedite,before
SH000333,WH_NORTH,DC_HN,SKU0007,2025-04-30,2025-05-01,2025-05-01,CarrierA,Road,WH_NORTH->DC_HN:Road,39,5.48,Launch,before
SH000334,WH_NORTH,DC_HN,SKU0020,2025-05-01,2025-05-02,2025-05-02,CarrierB,Road,WH_NORTH->DC_HN:Road,495,68.62,Std,before
SH000335,WH_NORTH,DC_HN,SKU0011,2025-05-01,2025-05-02,2025-05-02,CarrierA,Road,WH_NORTH->DC_HN:Road,306,41.43,Std,before
SH000336,WH_NORTH,DC_HN,SKU0029,2025-05-01,2025-05-02,2025-05-02,CarrierB,Road,WH_NORTH->DC_HN:Road,255,30.7,Std,before
SH000337,WH_NORTH,DC_HN,SKU0018,2025-05-01,2025-05-02,2025-05-02,CarrierB,Road,WH_NORTH->DC_HN:Road,175,23.91,Std,before
SH000338,WH_NORTH,DC_HN,SKU0024,2025-05-01,2025-05-02,2025-05-02,CarrierB,Road,WH_NORTH->DC_HN:Road,138,18.01,Std,before
SH000339,WH_NORTH,DC_HN,SKU0006,2025-05-01,2025-05-02,2025-05-02,CarrierB,Road,WH_NORTH->DC_HN:Road,112,15.63,Std,before
SH000340,WH_NORTH,DC_HN,SKU0017,2025-05-01,2025-05-02,2025-05-02,CarrierA,Road,WH_NORTH->DC_HN:Road,117,16.32,Std,before
SH000341,WH_NORTH,DC_HN,SKU0012,2025-05-01,2025-05-02,2025-05-02,CarrierC,Road,WH_NORTH->DC_HN:Road,78,8.92,Std,before
SH000342,WH_SOUTH,DC_CT,SKU0011,2025-05-06,2025-05-07,2025-05-07,CarrierA,Road,WH_SOUTH->DC_CT:Road,284,41.82,Std,before
SH000343,WH_SOUTH,DC_CT,SKU0020,2025-05-06,2025-05-07,2025-05-07,CarrierB,Road,WH_SOUTH->DC_CT:Road,48,7.1,Std,before
SH000344,WH_NORTH,DC_DN,SKU0026,2025-05-05,2025-05-07,2025-05-10,CarrierC,Road,WH_NORTH->DC_DN:Road,131,28.88,Expedite,before
SH000345,WH_NORTH,DC_DN,SKU0030,2025-05-05,2025-05-07,2025-05-10,CarrierA,Road,WH_NORTH->DC_DN:Road,64,13.9,Expedite,before
SH000346,WH_SOUTH,DC_HCMC,SKU0006,2025-05-07,2025-05-08,2025-05-08,CarrierC,Road,WH_SOUTH->DC_HCMC:Road,60,6.71,Expedite,before
SH000347,WH_SOUTH,DC_HCMC,SKU0012,2025-05-07,2025-05-08,2025-05-08,CarrierC,Road,WH_SOUTH->DC_HCMC:Road,266,27.96,Launch,before
SH000348,WH_SOUTH,DC_HCMC,SKU0010,2025-05-07,2025-05-08,2025-05-08,CarrierC,Road,WH_SOUTH->DC_HCMC:Road,415,51.37,Std,before
SH000349,WH_SOUTH,DC_HCMC,SKU0023,2025-05-07,2025-05-08,2025-05-08,CarrierA,Road,WH_SOUTH->DC_HCMC:Road,192,23.95,Std,before
SH000350,WH_SOUTH,DC_HCMC,SKU0024,2025-05-07,2025-05-08,2025-05-08,CarrierC,Road,WH_SOUTH->DC_HCMC:Road,154,16.49,Std,before
SH000351,WH_SOUTH,DC_HCMC,SKU0005,2025-05-07,2025-05-08,2025-05-08,CarrierC,Road,WH_SOUTH->DC_HCMC:Road,152,17.53,Std,before
SH000352,WH_NORTH,DC_HN,SKU0025,2025-05-08,2025-05-09,2025-05-09,CarrierB,Road,WH_NORTH->DC_HN:Road,131,17.11,Expedite,before
SH000353,WH_NORTH,DC_HN,SKU0002,2025-05-08,2025-05-09,2025-05-09,CarrierB,Road,WH_NORTH->DC_HN:Road,310,42.39,Std,before
SH000354,WH_NORTH,DC_HN,SKU0012,2025-05-08,2025-05-09,2025-05-09,CarrierA,Road,WH_NORTH->DC_HN:Road,289,37.53,Std,before
SH000355,WH_NORTH,DC_HN,SKU0003,2025-05-08,2025-05-09,2025-05-09,CarrierC,Road,WH_NORTH->DC_HN:Road,121,15.33,Std,before
SH000356,WH_NORTH,DC_HN,SKU0001,2025-05-08,2025-05-09,2025-05-09,CarrierB,Road,WH_NORTH->DC_HN:Road,104,12.05,Std,before
SH000357,WH_NORTH,DC_HN,SKU0025,2025-05-08,2025-05-09,2025-05-09,CarrierB,Road,WH_NORTH->DC_HN:Road,103,12.92,Std,before
SH000358,WH_SOUTH,DC_CT,SKU0010,2025-05-12,2025-05-13,2025-05-15,CarrierB,Road,WH_SOUTH->DC_CT:Road,284,43.71,Expedite,before
SH000359,WH_NORTH,DC_DN,SKU0004,2025-05-13,2025-05-15,2025-05-15,CarrierA,Road,WH_NORTH->DC_DN:Road,186,35.87,Std,before
SH000360,WH_NORTH,DC_DN,SKU0025,2025-05-13,2025-05-15,2025-05-15,CarrierC,Road,WH_NORTH->DC_DN:Road,168,35.63,Std,before
SH000361,WH_NORTH,DC_DN,SKU0021,2025-05-13,2025-05-15,2025-05-15,CarrierA,Road,WH_NORTH->DC_DN:Road,98,21.47,Std,before
SH000362,WH_NORTH,DC_DN,SKU0027,2025-05-13,2025-05-15,2025-05-15,CarrierA,Road,WH_NORTH->DC_DN:Road,101,20.29,Std,before
SH000363,WH_NORTH,DC_DN,SKU0016,2025-05-13,2025-05-15,2025-05-15,CarrierB,Road,WH_NORTH->DC_DN:Road,101,22.53,Std,before
SH000364,WH_SOUTH,DC_HCMC,SKU0018,2025-05-15,2025-05-16,2025-05-16,CarrierC,Road,WH_SOUTH->DC_HCMC:Road,316,37.72,Std,before
SH000365,WH_SOUTH,DC_HCMC,SKU0013,2025-05-15,2025-05-16,2025-05-16,CarrierA,Road,WH_SOUTH->DC_HCMC:Road,292,31.91,Std,before
SH000366,WH_SOUTH,DC_HCMC,SKU0004,2025-05-15,2025-05-16,2025-05-16,CarrierB,Road,WH_SOUTH->DC_HCMC:Road,179,23.17,Std,before
SH000367,WH_SOUTH,DC_HCMC,SKU0024,2025-05-15,2025-05-16,2025-05-16,CarrierA,Road,WH_SOUTH->DC_HCMC:Road,187,23.81,Std,before
SH000368,WH_SOUTH,DC_HCMC,SKU0022,2025-05-15,2025-05-16,2025-05-16,CarrierB,Road,WH_SOUTH->DC_HCMC:Road,116,14.14,Std,before
SH000369,WH_SOUTH,DC_HCMC,SKU0007,2025-05-15,2025-05-16,2025-05-16,CarrierA,Road,WH_SOUTH->DC_HCMC:Road,119,15.35,Std,before
SH000370,WH_SOUTH,DC_HCMC,SKU0029,2025-05-15,2025-05-16,2025-05-16,CarrierC,Road,WH_SOUTH->DC_HCMC:Road,55,7.07,Std,before
SH000371,WH_SOUTH,DC_HCMC,SKU0012,2025-05-15,2025-05-16,2025-05-16,CarrierC,Road,WH_SOUTH->DC_HCMC:Road,57,6.55,Std,before
SH000372,WH_NORTH,DC_HN,SKU0011,2025-05-12,2025-05-13,2025-05-16,CarrierA,Road,WH_NORTH->DC_HN:Road,134,15.66,Expedite,before
SH000373,WH_NORTH,DC_HN,SKU0011,2025-05-12,2025-05-13,2025-05-13,CarrierA,Road,WH_NORTH->DC_HN:Road,337,42.61,Std,before
SH000374,WH_NORTH,DC_HN,SKU0021,2025-05-12,2025-05-13,2025-05-13,CarrierC,Road,WH_NORTH->DC_HN:Road,148,19.89,Std,before
SH000375,WH_NORTH,DC_HN,SKU0028,2025-05-12,2025-05-13,2025-05-13,CarrierB,Road,WH_NORTH->DC_HN:Road,145,18.92,Std,before
SH000376,WH_NORTH,DC_HN,SKU0015,2025-05-12,2025-05-13,2025-05-13,CarrierA,Road,WH_NORTH->DC_HN:Road,143,19.97,Std,before
SH000377,WH_NORTH,DC_HN,SKU0020,2025-05-12,2025-05-13,2025-05-13,CarrierA,Road,WH_NORTH->DC_HN:Road,101,12.47,Std,before
SH000378,WH_SOUTH,DC_CT,SKU0020,2025-05-20,2025-05-21,2025-05-21,CarrierA,Road,WH_SOUTH->DC_CT:Road,179,24.66,Std,before
SH000379,WH_SOUTH,DC_CT,SKU0005,2025-05-20,2025-05-21,2025-05-21,CarrierA,Road,WH_SOUTH->DC_CT:Road,115,16.01,Std,before
SH000380,WH_SOUTH,DC_CT,SKU0030,2025-05-20,2025-05-21,2025-05-21,CarrierA,Road,WH_SOUTH->DC_CT:Road,73,10.94,Std,before
SH000381,WH_NORTH,DC_DN,SKU0028,2025-05-21,2025-05-23,2025-05-23,CarrierB,Road,WH_NORTH->DC_DN:Road,67,13.29,Launch,before
SH000382,WH_NORTH,DC_DN,SKU0024,2025-05-20,2025-05-22,2025-05-22,CarrierB,Road,WH_NORTH->DC_DN:Road,36,7.49,Std,before
SH000383,WH_SOUTH,DC_HCMC,SKU0017,2025-05-22,2025-05-23,2025-05-23,CarrierA,Road,WH_SOUTH->DC_HCMC:Road,74,8.28,Launch,before
SH000384,WH_SOUTH,DC_HCMC,SKU0025,2025-05-19,2025-05-20,2025-05-20,CarrierA,Road,WH_SOUTH->DC_HCMC:Road,263,32.05,Std,before
SH000385,WH_SOUTH,DC_HCMC,SKU0018,2025-05-19,2025-05-20,2025-05-20,CarrierC,Road,WH_SOUTH->DC_HCMC:Road,163,19.47,Std,before
SH000386,WH_SOUTH,DC_HCMC,SKU0030,2025-05-19,2025-05-20,2025-05-20,CarrierB,Road,WH_SOUTH->DC_HCMC:Road,124,13.66,Std,before
SH000387,WH_SOUTH,DC_HCMC,SKU0022,2025-05-19,2025-05-20,2025-05-20,CarrierA,Road,WH_SOUTH->DC_HCMC:Road,114,12.01,Std,before
SH000388,WH_NORTH,DC_HN,SKU0023,2025-05-21,2025-05-22,2025-05-24,CarrierB,Road,WH_NORTH->DC_HN:Road,92,12.0,Expedite,before
SH000389,WH_NORTH,DC_HN,SKU0016,2025-05-21,2025-05-22,2025-05-24,CarrierA,Road,WH_NORTH->DC_HN:Road,55,7.36,Expedite,before
SH000390,WH_NORTH,DC_HN,SKU0014,2025-05-20,2025-05-21,2025-05-21,CarrierA,Road,WH_NORTH->DC_HN:Road,246,29.97,Std,before
SH000391,WH_NORTH,DC_HN,SKU0016,2025-05-20,2025-05-21,2025-05-21,CarrierA,Road,WH_NORTH->DC_HN:Road,240,27.63,Std,before
SH000392,WH_NORTH,DC_HN,SKU0025,2025-05-20,2025-05-21,2025-05-21,CarrierA,Road,WH_NORTH->DC_HN:Road,174,22.56,Std,before
SH000393,WH_NORTH,DC_HN,SKU0028,2025-05-20,2025-05-21,2025-05-21,CarrierA,Road,WH_NORTH->DC_HN:Road,139,16.66,Std,before
SH000394,WH_SOUTH,DC_CT,SKU0010,2025-05-27,2025-05-28,2025-05-28,CarrierA,Road,WH_SOUTH->DC_CT:Road,401,58.04,Std,before
SH000395,WH_SOUTH,DC_CT,SKU0018,2025-05-27,2025-05-28,2025-05-28,CarrierA,Road,WH_SOUTH->DC_CT:Road,162,26.24,Std,before
SH000396,WH_SOUTH,DC_CT,SKU0011,2025-05-27,2025-05-28,2025-05-28,CarrierC,Road,WH_SOUTH->DC_CT:Road,152,25.06,Std,before
SH000397,WH_SOUTH,DC_CT,SKU0001,2025-05-27,2025-05-28,2025-05-28,CarrierB,Road,WH_SOUTH->DC_CT:Road,80,10.68,Std,before
SH000398,WH_NORTH,DC_DN,SKU0025,2025-05-28,2025-05-30,2025-05-30,CarrierA,Road,WH_NORTH->DC_DN:Road,117,25.92,Expedite,before
SH000399,WH_NORTH,DC_DN,SKU0028,2025-05-27,2025-05-29,2025-05-29,CarrierA,Road,WH_NORTH->DC_DN:Road,126,26.65,Launch,before
SH000400,WH_NORTH,DC_DN,SKU0021,2025-05-28,2025-05-30,2025-05-30,CarrierA,Road,WH_NORTH->DC_DN:Road,120,26.01,Std,before
SH000401,WH_NORTH,DC_DN,SKU0005,2025-05-28,2025-05-30,2025-05-30,CarrierA,Road,WH_NORTH->DC_DN:Road,97,22.14,Std,before
SH000402,WH_NORTH,DC_DN,SKU0018,2025-05-28,2025-05-30,2025-05-30,CarrierA,Road,WH_NORTH->DC_DN:Road,96,18.73,Std,before
SH000403,WH_SOUTH,DC_HCMC,SKU0018,2025-05-26,2025-05-27,2025-05-27,CarrierA,Road,WH_SOUTH->DC_HCMC:Road,157,17.86,Expedite,before
SH000404,WH_SOUTH,DC_HCMC,SKU0028,2025-05-26,2025-05-27,2025-05-27,CarrierA,Road,WH_SOUTH->DC_HCMC:Road,152,16.62,Expedite,before
SH000405,WH_SOUTH,DC_HCMC,SKU0002,2025-05-26,2025-05-27,2025-05-27,CarrierB,Road,WH_SOUTH->DC_HCMC:Road,106,12.44,Expedite,before
SH000406,WH_SOUTH,DC_HCMC,SKU0011,2025-05-26,2025-05-27,2025-05-27,CarrierA,Road,WH_SOUTH->DC_HCMC:Road,55,6.85,Expedite,before
SH000407,WH_SOUTH,DC_HCMC,SKU0019,2025-05-26,2025-05-27,2025-05-27,CarrierC,Road,WH_SOUTH->DC_HCMC:Road,49,6.25,Expedite,before
SH000408,WH_SOUTH,DC_HCMC,SKU0013,2025-05-27,2025-05-28,2025-05-28,CarrierB,Road,WH_SOUTH->DC_HCMC:Road,130,14.64,Std,before
SH000409,WH_SOUTH,DC_HCMC,SKU0010,2025-05-27,2025-05-28,2025-05-28,CarrierA,Road,WH_SOUTH->DC_HCMC:Road,90,11.62,Std,before
SH000410,WH_SOUTH,DC_HCMC,SKU0019,2025-05-27,2025-05-28,2025-05-28,CarrierB,Road,WH_SOUTH->DC_HCMC:Road,75,8.37,Std,before
SH000411,WH_SOUTH,DC_HCMC,SKU0003,2025-05-27,2025-05-28,2025-05-28,CarrierB,Road,WH_SOUTH->DC_HCMC:Road,66,7.37,Std,before
SH000412,WH_SOUTH,DC_HCMC,SKU0022,2025-05-27,2025-05-28,2025-05-28,CarrierC,Road,WH_SOUTH->DC_HCMC:Road,61,6.61,Std,before
SH000413,WH_SOUTH,DC_HCMC,SKU0001,2025-05-27,2025-05-28,2025-05-28,CarrierB,Road,WH_SOUTH->DC_HCMC:Road,55,5.92,Std,before
SH000414,WH_SOUTH,DC_HCMC,SKU0009,2025-05-27,2025-05-28,2025-05-28,CarrierB,Road,WH_SOUTH->DC_HCMC:Road,33,3.87,Std,before
SH000415,WH_SOUTH,DC_HCMC,SKU0005,2025-05-27,2025-05-28,2025-05-28,CarrierA,Road,WH_SOUTH->DC_HCMC:Road,32,3.7,Std,before
SH000416,WH_NORTH,DC_HN,SKU0016,2025-05-28,2025-05-29,2025-05-29,CarrierB,Road,WH_NORTH->DC_HN:Road,172,21.62,Expedite,before
SH000417,WH_NORTH,DC_HN,SKU0024,2025-05-28,2025-05-29,2025-05-29,CarrierA,Road,WH_NORTH->DC_HN:Road,124,14.51,Expedite,before
SH000418,WH_NORTH,DC_HN,SKU0006,2025-05-29,2025-05-30,2025-05-30,CarrierC,Road,WH_NORTH->DC_HN:Road,85,10.94,Launch,before
SH000419,WH_NORTH,DC_HN,SKU0025,2025-05-26,2025-05-27,2025-05-27,CarrierC,Road,WH_NORTH->DC_HN:Road,201,25.29,Std,before
SH000420,WH_NORTH,DC_HN,SKU0002,2025-05-26,2025-05-27,2025-05-27,CarrierB,Road,WH_NORTH->DC_HN:Road,194,24.72,Std,before
SH000421,WH_NORTH,DC_HN,SKU0027,2025-05-26,2025-05-27,2025-05-27,CarrierC,Road,WH_NORTH->DC_HN:Road,189,21.6,Std,before
SH000422,WH_NORTH,DC_HN,SKU0004,2025-05-26,2025-05-27,2025-05-27,CarrierA,Road,WH_NORTH->DC_HN:Road,131,18.48,Std,before
SH000423,WH_NORTH,DC_HN,SKU0003,2025-05-26,2025-05-27,2025-05-27,CarrierA,Road,WH_NORTH->DC_HN:Road,83,10.67,Std,before
SH000424,WH_NORTH,DC_HN,SKU0001,2025-05-26,2025-05-27,2025-05-27,CarrierC,Road,WH_NORTH->DC_HN:Road,28,3.37,Std,before
SH000425,WH_NORTH,DC_DN,SKU0012,2025-06-02,2025-06-04,2025-06-04,CarrierB,Road,WH_NORTH->DC_DN:Road,110,25.48,Expedite,before
SH000426,WH_NORTH,DC_DN,SKU0009,2025-06-04,2025-06-06,2025-06-06,CarrierB,Road,WH_NORTH->DC_DN:Road,361,72.3,Std,before
SH000427,WH_SOUTH,DC_HCMC,SKU0023,2025-06-05,2025-06-06,2025-06-06,CarrierA,Road,WH_SOUTH->DC_HCMC:Road,397,46.11,Expedite,before
SH000428,WH_SOUTH,DC_HCMC,SKU0027,2025-06-05,2025-06-06,2025-06-06,CarrierA,Road,WH_SOUTH->DC_HCMC:Road,113,12.57,Expedite,before
SH000429,WH_SOUTH,DC_HCMC,SKU0020,2025-06-05,2025-06-06,2025-06-06,CarrierA,Road,WH_SOUTH->DC_HCMC:Road,80,8.75,Expedite,before
SH000430,WH_SOUTH,DC_HCMC,SKU0009,2025-06-05,2025-06-06,2025-06-10,CarrierA,Road,WH_SOUTH->DC_HCMC:Road,713,78.86,Std,before
SH000431,WH_SOUTH,DC_HCMC,SKU0028,2025-06-05,2025-06-06,2025-06-10,CarrierA,Road,WH_SOUTH->DC_HCMC:Road,194,23.97,Std,before
SH000432,WH_SOUTH,DC_HCMC,SKU0003,2025-06-05,2025-06-06,2025-06-10,CarrierA,Road,WH_SOUTH->DC_HCMC:Road,127,14.65,Std,before
SH000433,WH_SOUTH,DC_HCMC,SKU0026,2025-06-05,2025-06-06,2025-06-10,CarrierC,Road,WH_SOUTH->DC_HCMC:Road,71,9.11,Std,before
SH000434,WH_SOUTH,DC_HCMC,SKU0017,2025-06-05,2025-06-06,2025-06-10,CarrierB,Road,WH_SOUTH->DC_HCMC:Road,72,8.87,Std,before
SH000435,WH_NORTH,DC_HN,SKU0027,2025-06-05,2025-06-06,2025-06-06,CarrierB,Road,WH_NORTH->DC_HN:Road,76,9.31,Expedite,before
SH000436,WH_NORTH,DC_HN,SKU0001,2025-06-04,2025-06-05,2025-06-05,CarrierA,Road,WH_NORTH->DC_HN:Road,117,13.4,Launch,before
SH000437,WH_NORTH,DC_HN,SKU0014,2025-06-02,2025-06-03,2025-06-03,CarrierA,Road,WH_NORTH->DC_HN:Road,233,29.01,Std,before
SH000438,WH_NORTH,DC_HN,SKU0018,2025-06-02,2025-06-03,2025-06-03,CarrierA,Road,WH_NORTH->DC_HN:Road,186,21.75,Std,before
SH000439,WH_NORTH,DC_HN,SKU0013,2025-06-02,2025-06-03,2025-06-03,CarrierA,Road,WH_NORTH->DC_HN:Road,124,14.55,Std,before
SH000440,WH_NORTH,DC_HN,SKU0007,2025-06-02,2025-06-03,2025-06-03,CarrierC,Road,WH_NORTH->DC_HN:Road,99,12.77,Std,before
SH000441,WH_NORTH,DC_HN,SKU0015,2025-06-02,2025-06-03,2025-06-03,CarrierB,Road,WH_NORTH->DC_HN:Road,98,12.33,Std,before
SH000442,WH_NORTH,DC_HN,SKU0006,2025-06-02,2025-06-03,2025-06-03,CarrierA,Road,WH_NORTH->DC_HN:Road,39,4.68,Std,before
SH000443,WH_NORTH,DC_HN,SKU0008,2025-06-02,2025-06-03,2025-06-03,CarrierB,Road,WH_NORTH->DC_HN:Road,32,4.02,Std,before
SH000444,WH_SOUTH,DC_CT,SKU0021,2025-06-12,2025-06-13,2025-06-13,CarrierA,Road,WH_SOUTH->DC_CT:Road,162,21.87,Std,before
SH000445,WH_SOUTH,DC_CT,SKU0004,2025-06-12,2025-06-13,2025-06-13,CarrierB,Road,WH_SOUTH->DC_CT:Road,59,8.89,Std,before
SH000446,WH_NORTH,DC_DN,SKU0026,2025-06-11,2025-06-13,2025-06-15,CarrierA,Road,WH_NORTH->DC_DN:Road,66,15.07,Expedite,before
SH000447,WH_NORTH,DC_DN,SKU0011,2025-06-09,2025-06-11,2025-06-12,CarrierC,Road,WH_NORTH->DC_DN:Road,211,42.39,Std,before
SH000448,WH_NORTH,DC_DN,SKU0004,2025-06-09,2025-06-11,2025-06-12,CarrierC,Road,WH_NORTH->DC_DN:Road,197,39.11,Std,before
SH000449,WH_NORTH,DC_DN,SKU0029,2025-06-09,2025-06-11,2025-06-12,CarrierB,Road,WH_NORTH->DC_DN:Road,165,37.93,Std,before
SH000450,WH_NORTH,DC_DN,SKU0028,2025-06-09,2025-06-11,2025-06-12,CarrierB,Road,WH_NORTH->DC_DN:Road,90,20.57,Std,before
SH000451,WH_NORTH,DC_DN,SKU0016,2025-06-09,2025-06-11,2025-06-12,CarrierA,Road,WH_NORTH->DC_DN:Road,81,18.6,Std,before
SH000452,WH_NORTH,DC_DN,SKU0022,2025-06-09,2025-06-11,2025-06-12,CarrierA,Road,WH_NORTH->DC_DN:Road,60,11.52,Std,before
SH000453,WH_SOUTH,DC_HCMC,SKU0019,2025-06-09,2025-06-10,2025-06-10,CarrierB,Road,WH_SOUTH->DC_HCMC:Road,160,17.52,Expedite,before
SH000454,WH_SOUTH,DC_HCMC,SKU0010,2025-06-09,2025-06-10,2025-06-10,CarrierA,Road,WH_SOUTH->DC_HCMC:Road,93,11.51,Expedite,before
SH000455,WH_SOUTH,DC_HCMC,SKU0019,2025-06-11,2025-06-12,2025-06-13,CarrierA,Road,WH_SOUTH->DC_HCMC:Road,150,16.67,Std,before
SH000456,WH_SOUTH,DC_HCMC,SKU0009,2025-06-11,2025-06-12,2025-06-13,CarrierC,Road,WH_SOUTH->DC_HCMC:Road,149,16.02,Std,before
SH000457,WH_SOUTH,DC_HCMC,SKU0014,2025-06-11,2025-06-12,2025-06-13,CarrierA,Road,WH_SOUTH->DC_HCMC:Road,66,7.79,Std,before
SH000458,WH_SOUTH,DC_HCMC,SKU0018,2025-06-11,2025-06-12,2025-06-13,CarrierA,Road,WH_SOUTH->DC_HCMC:Road,57,7.26,Std,before
SH000459,WH_SOUTH,DC_HCMC,SKU0029,2025-06-11,2025-06-12,2025-06-13,CarrierB,Road,WH_SOUTH->DC_HCMC:Road,56,6.03,Std,before
SH000460,WH_SOUTH,DC_HCMC,SKU0007,2025-06-11,2025-06-12,2025-06-13,CarrierA,Road,WH_SOUTH->DC_HCMC:Road,36,4.14,Std,before
SH000461,WH_SOUTH,DC_HCMC,SKU0030,2025-06-11,2025-06-12,2025-06-13,CarrierA,Road,WH_SOUTH->DC_HCMC:Road,31,3.71,Std,before
SH000462,WH_NORTH,DC_HN,SKU0015,2025-06-11,2025-06-12,2025-06-12,CarrierA,Road,WH_NORTH->DC_HN:Road,172,19.76,Expedite,before
SH000463,WH_NORTH,DC_HN,SKU0025,2025-06-11,2025-06-12,2025-06-12,CarrierA,Road,WH_NORTH->DC_HN:Road,143,17.12,Expedite,before
SH000464,WH_NORTH,DC_HN,SKU0001,2025-06-10,2025-06-11,2025-06-11,CarrierB,Road,WH_NORTH->DC_HN:Road,57,7.15,Launch,before
SH000465,WH_NORTH,DC_HN,SKU0004,2025-06-12,2025-06-13,2025-06-13,CarrierA,Road,WH_NORTH->DC_HN:Road,315,36.64,Std,before
SH000466,WH_NORTH,DC_HN,SKU0025,2025-06-12,2025-06-13,2025-06-13,CarrierC,Road,WH_NORTH->DC_HN:Road,196,23.63,Std,before
SH000467,WH_NORTH,DC_HN,SKU0002,2025-06-12,2025-06-13,2025-06-13,CarrierB,Road,WH_NORTH->DC_HN:Road,170,21.77,Std,before
SH000468,WH_NORTH,DC_HN,SKU0009,2025-06-12,2025-06-13,2025-06-13,CarrierB,Road,WH_NORTH->DC_HN:Road,68,8.48,Std,before
SH000469,WH_SOUTH,DC_CT,SKU0002,2025-06-17,2025-06-18,2025-06-22,CarrierB,Road,WH_SOUTH->DC_CT:Road,65,9.49,Std,before
SH000470,WH_SOUTH,DC_CT,SKU0027,2025-06-17,2025-06-18,2025-06-22,CarrierA,Road,WH_SOUTH->DC_CT:Road,41,5.54,Std,before
SH000471,WH_NORTH,DC_DN,SKU0016,2025-06-16,2025-06-18,2025-06-18,CarrierB,Road,WH_NORTH->DC_DN:Road,208,42.39,Std,before
SH000472,WH_NORTH,DC_DN,SKU0013,2025-06-16,2025-06-18,2025-06-18,CarrierB,Road,WH_NORTH->DC_DN:Road,163,31.2,Std,before
SH000473,WH_NORTH,DC_DN,SKU0019,2025-06-16,2025-06-18,2025-06-18,CarrierB,Road,WH_NORTH->DC_DN:Road,81,17.63,Std,before
SH000474,WH_NORTH,DC_DN,SKU0007,2025-06-16,2025-06-18,2025-06-18,CarrierB,Road,WH_NORTH->DC_DN:Road,36,8.15,Std,before
SH000475,WH_SOUTH,DC_HCMC,SKU0030,2025-06-18,2025-06-19,2025-06-19,CarrierA,Road,WH_SOUTH->DC_HCMC:Road,221,27.3,Expedite,before
SH000476,WH_SOUTH,DC_HCMC,SKU0023,2025-06-18,2025-06-19,2025-06-19,CarrierA,Road,WH_SOUTH->DC_HCMC:Road,107,12.17,Expedite,before
SH000477,WH_SOUTH,DC_HCMC,SKU0001,2025-06-17,2025-06-18,2025-06-19,CarrierC,Road,WH_SOUTH->DC_HCMC:Road,55,6.51,Launch,before
SH000478,WH_SOUTH,DC_HCMC,SKU0010,2025-06-18,2025-06-19,2025-06-20,CarrierA,Road,WH_SOUTH->DC_HCMC:Road,269,28.17,Std,before
SH000479,WH_SOUTH,DC_HCMC,SKU0007,2025-06-18,2025-06-19,2025-06-20,CarrierA,Road,WH_SOUTH->DC_HCMC:Road,78,9.01,Std,before
SH000480,WH_SOUTH,DC_HCMC,SKU0014,2025-06-18,2025-06-19,2025-06-20,CarrierA,Road,WH_SOUTH->DC_HCMC:Road,86,9.85,Std,before
SH000481,WH_SOUTH,DC_HCMC,SKU0021,2025-06-18,2025-06-19,2025-06-20,CarrierA,Road,WH_SOUTH->DC_HCMC:Road,42,4.78,Std,before
SH000482,WH_SOUTH,DC_HCMC,SKU0002,2025-06-18,2025-06-19,2025-06-20,CarrierA,Road,WH_SOUTH->DC_HCMC:Road,29,3.71,Std,before
SH000483,WH_NORTH,DC_HN,SKU0004,2025-06-16,2025-06-17,2025-06-19,CarrierC,Road,WH_NORTH->DC_HN:Road,61,7.33,Launch,before
SH000484,WH_NORTH,DC_HN,SKU0021,2025-06-18,2025-06-19,2025-06-19,CarrierB,Road,WH_NORTH->DC_HN:Road,189,24.02,Std,before
SH000485,WH_NORTH,DC_HN,SKU0016,2025-06-18,2025-06-19,2025-06-19,CarrierC,Road,WH_NORTH->DC_HN:Road,91,11.01,Std,before
SH000486,WH_NORTH,DC_HN,SKU0027,2025-06-18,2025-06-19,2025-06-19,CarrierA,Road,WH_NORTH->DC_HN:Road,70,9.76,Std,before
SH000487,WH_NORTH,DC_HN,SKU0002,2025-06-18,2025-06-19,2025-06-19,CarrierA,Road,WH_NORTH->DC_HN:Road,58,7.32,Std,before
SH000488,WH_NORTH,DC_DN,SKU0016,2025-06-25,2025-06-27,2025-06-27,CarrierA,Road,WH_NORTH->DC_DN:Road,361,84.72,Std,before
SH000489,WH_NORTH,DC_DN,SKU0025,2025-06-25,2025-06-27,2025-06-27,CarrierB,Road,WH_NORTH->DC_DN:Road,86,17.07,Std,before
SH000490,WH_NORTH,DC_DN,SKU0009,2025-06-25,2025-06-27,2025-06-27,CarrierC,Road,WH_NORTH->DC_DN:Road,28,5.79,Std,before
SH000491,WH_SOUTH,DC_HCMC,SKU0026,2025-06-23,2025-06-24,2025-06-24,CarrierB,Road,WH_SOUTH->DC_HCMC:Road,132,14.07,Expedite,before
SH000492,WH_SOUTH,DC_HCMC,SKU0012,2025-06-23,2025-06-24,2025-06-24,CarrierC,Road,WH_SOUTH->DC_HCMC:Road,81,10.28,Expedite,before
SH000493,WH_SOUTH,DC_HCMC,SKU0021,2025-06-23,2025-06-24,2025-06-24,CarrierA,Road,WH_SOUTH->DC_HCMC:Road,74,9.01,Expedite,before
SH000494,WH_SOUTH,DC_HCMC,SKU0008,2025-06-23,2025-06-24,2025-06-24,CarrierC,Road,WH_SOUTH->DC_HCMC:Road,54,6.54,Expedite,before
SH000495,WH_SOUTH,DC_HCMC,SKU0019,2025-06-25,2025-06-26,2025-06-26,CarrierC,Road,WH_SOUTH->DC_HCMC:Road,124,15.64,Launch,before
SH000496,WH_SOUTH,DC_HCMC,SKU0004,2025-06-23,2025-06-24,2025-06-24,CarrierB,Road,WH_SOUTH->DC_HCMC:Road,198,23.38,Std,before
SH000497,WH_SOUTH,DC_HCMC,SKU0024,2025-06-23,2025-06-24,2025-06-24,CarrierB,Road,WH_SOUTH->DC_HCMC:Road,141,16.7,Std,before
SH000498,WH_SOUTH,DC_HCMC,SKU0030,2025-06-23,2025-06-24,2025-06-24,CarrierB,Road,WH_SOUTH->DC_HCMC:Road,114,12.17,Std,before
SH000499,WH_SOUTH,DC_HCMC,SKU0025,2025-06-23,2025-06-24,2025-06-24,CarrierA,Road,WH_SOUTH->DC_HCMC:Road,75,9.21,Std,before
SH000500,WH_SOUTH,DC_HCMC,SKU0013,2025-06-23,2025-06-24,2025-06-24,CarrierC,Road,WH_SOUTH->DC_HCMC:Road,77,9.42,Std,before
SH000501,WH_SOUTH,DC_HCMC,SKU0008,2025-06-23,2025-06-24,2025-06-24,CarrierA,Road,WH_SOUTH->DC_HCMC:Road,48,5.16,Std,before
SH000502,WH_NORTH,DC_HN,SKU0010,2025-06-23,2025-06-24,2025-06-24,CarrierB,Road,WH_NORTH->DC_HN:Road,195,27.58,Expedite,before
SH000503,WH_NORTH,DC_HN,SKU0009,2025-06-23,2025-06-24,2025-06-24,CarrierB,Road,WH_NORTH->DC_HN:Road,76,8.9,Expedite,before
SH000504,WH_NORTH,DC_HN,SKU0019,2025-06-23,2025-06-24,2025-06-24,CarrierB,Road,WH_NORTH->DC_HN:Road,37,5.17,Expedite,before
SH000505,WH_NORTH,DC_HN,SKU0007,2025-06-23,2025-06-24,2025-06-24,CarrierA,Road,WH_NORTH->DC_HN:Road,28,3.67,Expedite,before
SH000506,WH_NORTH,DC_HN,SKU0007,2025-06-24,2025-06-25,2025-06-25,CarrierB,Road,WH_NORTH->DC_HN:Road,81,10.04,Launch,before
SH000507,WH_NORTH,DC_HN,SKU0026,2025-06-26,2025-06-27,2025-06-27,CarrierA,Road,WH_NORTH->DC_HN:Road,267,30.52,Std,before
SH000508,WH_NORTH,DC_HN,SKU0006,2025-06-26,2025-06-27,2025-06-27,CarrierA,Road,WH_NORTH->DC_HN:Road,171,22.28,Std,before
SH000509,WH_NORTH,DC_HN,SKU0027,2025-06-26,2025-06-27,2025-06-27,CarrierA,Road,WH_NORTH->DC_HN:Road,137,17.72,Std,before
SH000510,WH_NORTH,DC_HN,SKU0014,2025-06-26,2025-06-27,2025-06-27,CarrierB,Road,WH_NORTH->DC_HN:Road,125,14.65,Std,before
SH000511,WH_NORTH,DC_HN,SKU0013,2025-06-26,2025-06-27,2025-06-27,CarrierB,Road,WH_NORTH->DC_HN:Road,89,11.41,Std,before
SH000512,WH_NORTH,DC_HN,SKU0007,2025-06-26,2025-06-27,2025-06-27,CarrierC,Road,WH_NORTH->DC_HN:Road,32,4.14,Std,before
SH000513,WH_SOUTH,DC_CT,SKU0012,2025-06-30,2025-07-01,2025-07-01,CarrierA,Road,WH_SOUTH->DC_CT:Road,170,24.71,Expedite,before
SH000514,WH_SOUTH,DC_CT,SKU0004,2025-06-30,2025-07-01,2025-07-01,CarrierA,Road,WH_SOUTH->DC_CT:Road,57,9.2,Expedite,before
SH000515,WH_SOUTH,DC_CT,SKU0006,2025-07-02,2025-07-03,2025-07-03,CarrierC,Road,WH_SOUTH->DC_CT:Road,88,11.81,Launch,before
SH000516,WH_SOUTH,DC_CT,SKU0016,2025-07-02,2025-07-03,2025-07-03,CarrierB,Road,WH_SOUTH->DC_CT:Road,80,13.2,Std,before
SH000517,WH_NORTH,DC_DN,SKU0007,2025-07-03,2025-07-05,2025-07-05,CarrierA,Road,WH_NORTH->DC_DN:Road,141,31.68,Std,before
SH000518,WH_NORTH,DC_DN,SKU0030,2025-07-03,2025-07-05,2025-07-05,CarrierC,Road,WH_NORTH->DC_DN:Road,106,23.76,Std,before
SH000519,WH_NORTH,DC_DN,SKU0021,2025-07-03,2025-07-05,2025-07-05,CarrierB,Road,WH_NORTH->DC_DN:Road,77,14.72,Std,before
SH000520,WH_NORTH,DC_DN,SKU0023,2025-07-03,2025-07-05,2025-07-05,CarrierB,Road,WH_NORTH->DC_DN:Road,76,16.54,Std,before
SH000521,WH_SOUTH,DC_HCMC,SKU0022,2025-07-02,2025-07-03,2025-07-03,CarrierB,Road,WH_SOUTH->DC_HCMC:Road,54,6.57,Expedite,before
SH000522,WH_SOUTH,DC_HCMC,SKU0020,2025-07-02,2025-07-03,2025-07-03,CarrierC,Road,WH_SOUTH->DC_HCMC:Road,137,16.37,Launch,before
SH000523,WH_SOUTH,DC_HCMC,SKU0019,2025-07-02,2025-07-03,2025-07-03,CarrierA,Road,WH_SOUTH->DC_HCMC:Road,123,13.77,Launch,before
SH000524,WH_SOUTH,DC_HCMC,SKU0023,2025-06-30,2025-07-01,2025-07-01,CarrierA,Road,WH_SOUTH->DC_HCMC:Road,239,26.61,Std,before
SH000525,WH_SOUTH,DC_HCMC,SKU0021,2025-06-30,2025-07-01,2025-07-01,CarrierC,Road,WH_SOUTH->DC_HCMC:Road,210,24.06,Std,before
SH000526,WH_SOUTH,DC_HCMC,SKU0007,2025-06-30,2025-07-01,2025-07-01,CarrierC,Road,WH_SOUTH->DC_HCMC:Road,105,11.59,Std,before
SH000527,WH_SOUTH,DC_HCMC,SKU0002,2025-06-30,2025-07-01,2025-07-01,CarrierB,Road,WH_SOUTH->DC_HCMC:Road,67,7.83,Std,before
SH000528,WH_SOUTH,DC_HCMC,SKU0022,2025-06-30,2025-07-01,2025-07-01,CarrierB,Road,WH_SOUTH->DC_HCMC:Road,53,6.49,Std,before
SH000529,WH_NORTH,DC_HN,SKU0010,2025-06-30,2025-07-01,2025-07-03,CarrierA,Road,WH_NORTH->DC_HN:Road,206,26.03,Std,before
SH000530,WH_NORTH,DC_HN,SKU0021,2025-06-30,2025-07-01,2025-07-03,CarrierA,Road,WH_NORTH->DC_HN:Road,74,9.54,Std,before
SH000531,WH_NORTH,DC_HN,SKU0006,2025-06-30,2025-07-01,2025-07-03,CarrierA,Road,WH_NORTH->DC_HN:Road,76,10.03,Std,before
SH000532,WH_NORTH,DC_HN,SKU0027,2025-06-30,2025-07-01,2025-07-03,CarrierA,Road,WH_NORTH->DC_HN:Road,65,8.82,Std,before
SH000533,WH_NORTH,DC_HN,SKU0001,2025-06-30,2025-07-01,2025-07-03,CarrierA,Road,WH_NORTH->DC_HN:Road,39,4.95,Std,before
SH000534,WH_NORTH,DC_HN,SKU0028,2025-06-30,2025-07-01,2025-07-03,CarrierB,Road,WH_NORTH->DC_HN:Road,38,4.95,Std,before
SH000535,WH_SOUTH,DC_CT,SKU0024,2025-07-08,2025-07-09,2025-07-09,CarrierA,Road,WH_SOUTH->DC_CT:Road,101,16.47,Std,before
SH000536,WH_SOUTH,DC_CT,SKU0018,2025-07-08,2025-07-09,2025-07-09,CarrierB,Road,WH_SOUTH->DC_CT:Road,110,18.11,Std,before
SH000537,WH_SOUTH,DC_CT,SKU0025,2025-07-08,2025-07-09,2025-07-09,CarrierC,Road,WH_SOUTH->DC_CT:Road,93,14.75,Std,before
SH000538,WH_NORTH,DC_DN,SKU0009,2025-07-10,2025-07-12,2025-07-15,CarrierB,Road,WH_NORTH->DC_DN:Road,269,59.41,Expedite,before
SH000539,WH_NORTH,DC_DN,SKU0027,2025-07-10,2025-07-12,2025-07-15,CarrierB,Road,WH_NORTH->DC_DN:Road,56,10.73,Expedite,before
SH000540,WH_NORTH,DC_DN,SKU0027,2025-07-07,2025-07-09,2025-07-09,CarrierA,Road,WH_NORTH->DC_DN:Road,93,18.75,Launch,before
SH000541,WH_NORTH,DC_DN,SKU0026,2025-07-07,2025-07-09,2025-07-09,CarrierC,Road,WH_NORTH->DC_DN:Road,83,17.02,Std,before
SH000542,WH_SOUTH,DC_HCMC,SKU0002,2025-07-10,2025-07-11,2025-07-14,CarrierA,Road,WH_SOUTH->DC_HCMC:Road,145,15.94,Expedite,before
SH000543,WH_SOUTH,DC_HCMC,SKU0003,2025-07-09,2025-07-10,2025-07-10,CarrierC,Road,WH_SOUTH->DC_HCMC:Road,37,3.91,Launch,before
SH000544,WH_SOUTH,DC_HCMC,SKU0004,2025-07-07,2025-07-08,2025-07-08,CarrierA,Road,WH_SOUTH->DC_HCMC:Road,224,24.6,Std,before
SH000545,WH_SOUTH,DC_HCMC,SKU0009,2025-07-07,2025-07-08,2025-07-08,CarrierA,Road,WH_SOUTH->DC_HCMC:Road,134,16.7,Std,before
SH000546,WH_SOUTH,DC_HCMC,SKU0022,2025-07-07,2025-07-08,2025-07-08,CarrierB,Road,WH_SOUTH->DC_HCMC:Road,123,14.93,Std,before
SH000547,WH_SOUTH,DC_HCMC,SKU0025,2025-07-07,2025-07-08,2025-07-08,CarrierA,Road,WH_SOUTH->DC_HCMC:Road,132,15.39,Std,before
SH000548,WH_NORTH,DC_HN,SKU0018,2025-07-08,2025-07-09,2025-07-10,CarrierC,Road,WH_NORTH->DC_HN:Road,156,17.96,Expedite,before
SH000549,WH_NORTH,DC_HN,SKU0027,2025-07-08,2025-07-09,2025-07-10,CarrierA,Road,WH_NORTH->DC_HN:Road,101,11.99,Expedite,before
SH000550,WH_NORTH,DC_HN,SKU0023,2025-07-08,2025-07-09,2025-07-10,CarrierA,Road,WH_NORTH->DC_HN:Road,109,15.36,Expedite,before
SH000551,WH_NORTH,DC_HN,SKU0022,2025-07-08,2025-07-09,2025-07-10,CarrierA,Road,WH_NORTH->DC_HN:Road,95,13.21,Expedite,before
SH000552,WH_NORTH,DC_HN,SKU0002,2025-07-07,2025-07-08,2025-07-08,CarrierA,Road,WH_NORTH->DC_HN:Road,164,22.43,Launch,before
SH000553,WH_NORTH,DC_HN,SKU0015,2025-07-07,2025-07-08,2025-07-08,CarrierA,Road,WH_NORTH->DC_HN:Road,275,33.94,Std,before
SH000554,WH_NORTH,DC_HN,SKU0021,2025-07-07,2025-07-08,2025-07-08,CarrierA,Road,WH_NORTH->DC_HN:Road,261,30.66,Std,before
SH000555,WH_NORTH,DC_HN,SKU0013,2025-07-07,2025-07-08,2025-07-08,CarrierA,Road,WH_NORTH->DC_HN:Road,242,28.68,Std,before
SH000556,WH_NORTH,DC_HN,SKU0001,2025-07-07,2025-07-08,2025-07-08,CarrierC,Road,WH_NORTH->DC_HN:Road,94,10.88,Std,before
SH000557,WH_NORTH,DC_HN,SKU0020,2025-07-07,2025-07-08,2025-07-08,CarrierA,Road,WH_NORTH->DC_HN:Road,84,9.99,Std,before
SH000558,WH_NORTH,DC_HN,SKU0022,2025-07-07,2025-07-08,2025-07-08,CarrierA,Road,WH_NORTH->DC_HN:Road,82,10.14,Std,before
SH000559,WH_NORTH,DC_HN,SKU0014,2025-07-07,2025-07-08,2025-07-08,CarrierC,Road,WH_NORTH->DC_HN:Road,57,6.88,Std,before
SH000560,WH_SOUTH,DC_CT,SKU0029,2025-07-15,2025-07-16,2025-07-16,CarrierA,Road,WH_SOUTH->DC_CT:Road,55,7.37,Expedite,before
SH000561,WH_SOUTH,DC_CT,SKU0016,2025-07-16,2025-07-17,2025-07-17,CarrierB,Road,WH_SOUTH->DC_CT:Road,40,5.87,Std,before
SH000562,WH_NORTH,DC_DN,SKU0006,2025-07-14,2025-07-16,2025-07-22,CarrierB,Road,WH_NORTH->DC_DN:Road,19,3.71,Expedite,before
SH000563,WH_NORTH,DC_DN,SKU0002,2025-07-16,2025-07-18,2025-07-18,CarrierB,Road,WH_NORTH->DC_DN:Road,229,51.4,Launch,before
SH000564,WH_NORTH,DC_DN,SKU0020,2025-07-16,2025-07-18,2025-07-18,CarrierA,Road,WH_NORTH->DC_DN:Road,120,27.92,Std,before
SH000565,WH_SOUTH,DC_HCMC,SKU0002,2025-07-16,2025-07-17,2025-07-17,CarrierA,Road,WH_SOUTH->DC_HCMC:Road,237,27.29,Expedite,before
SH000566,WH_SOUTH,DC_HCMC,SKU0026,2025-07-16,2025-07-17,2025-07-17,CarrierB,Road,WH_SOUTH->DC_HCMC:Road,135,15.04,Expedite,before
SH000567,WH_SOUTH,DC_HCMC,SKU0030,2025-07-16,2025-07-17,2025-07-17,CarrierB,Road,WH_SOUTH->DC_HCMC:Road,74,9.48,Expedite,before
SH000568,WH_SOUTH,DC_HCMC,SKU0024,2025-07-16,2025-07-17,2025-07-17,CarrierC,Road,WH_SOUTH->DC_HCMC:Road,62,7.09,Expedite,before
SH000569,WH_SOUTH,DC_HCMC,SKU0016,2025-07-15,2025-07-16,2025-07-16,CarrierC,Road,WH_SOUTH->DC_HCMC:Road,36,4.44,Launch,before
SH000570,WH_SOUTH,DC_HCMC,SKU0026,2025-07-14,2025-07-15,2025-07-16,CarrierB,Road,WH_SOUTH->DC_HCMC:Road,100,12.22,Std,before
SH000571,WH_SOUTH,DC_HCMC,SKU0029,2025-07-14,2025-07-15,2025-07-16,CarrierC,Road,WH_SOUTH->DC_HCMC:Road,98,12.72,Std,before
SH000572,WH_SOUTH,DC_HCMC,SKU0007,2025-07-14,2025-07-15,2025-07-16,CarrierA,Road,WH_SOUTH->DC_HCMC:Road,58,6.95,Std,before
SH000573,WH_SOUTH,DC_HCMC,SKU0001,2025-07-14,2025-07-15,2025-07-16,CarrierB,Road,WH_SOUTH->DC_HCMC:Road,51,5.75,Std,before
SH000574,WH_SOUTH,DC_HCMC,SKU0017,2025-07-14,2025-07-15,2025-07-16,CarrierA,Road,WH_SOUTH->DC_HCMC:Road,52,6.47,Std,before
SH000575,WH_NORTH,DC_HN,SKU0010,2025-07-14,2025-07-15,2025-07-15,CarrierB,Road,WH_NORTH->DC_HN:Road,303,36.48,Expedite,before
SH000576,WH_NORTH,DC_HN,SKU0016,2025-07-14,2025-07-15,2025-07-15,CarrierA,Road,WH_NORTH->DC_HN:Road,53,6.07,Expedite,before
SH000577,WH_NORTH,DC_HN,SKU0009,2025-07-15,2025-07-16,2025-07-16,CarrierB,Road,WH_NORTH->DC_HN:Road,156,19.96,Launch,before
SH000578,WH_NORTH,DC_HN,SKU0022,2025-07-17,2025-07-18,2025-07-18,CarrierC,Road,WH_NORTH->DC_HN:Road,96,11.24,Std,before
SH000579,WH_NORTH,DC_HN,SKU0020,2025-07-17,2025-07-18,2025-07-18,CarrierB,Road,WH_NORTH->DC_HN:Road,41,4.83,Std,before
SH000580,WH_NORTH,DC_HN,SKU0028,2025-07-17,2025-07-18,2025-07-18,CarrierA,Road,WH_NORTH->DC_HN:Road,27,3.17,Std,before
SH000581,WH_NORTH,DC_DN,SKU0005,2025-07-22,2025-07-24,2025-07-25,CarrierB,Road,WH_NORTH->DC_DN:Road,61,14.02,Std,before
SH000582,WH_NORTH,DC_HN,SKU0015,2025-07-31,2025-08-01,2025-08-01,CarrierA,Road,WH_NORTH->DC_HN:Road,169,22.1,Std,before
SH000583,WH_NORTH,DC_HN,SKU0024,2025-07-31,2025-08-01,2025-08-01,CarrierC,Road,WH_NORTH->DC_HN:Road,91,12.1,Std,before
